seq1	seq2	seq1.len	seq2.len	seq1.lenNoNs	seq2.lenNoNs	seq1.cov	seq2.cov	match	mismatch	pid
AB008655.1	AB008656.1	594	594	594	594	100.0	100.0	580	14	97.6431
AB008655.1	AB008657.1	594	594	594	594	100.0	100.0	579	15	97.4747
AB008655.1	AB008658.1	594	594	594	594	100.0	100.0	578	16	97.3064
AB008655.1	AB008659.1	594	594	594	594	100.0	100.0	576	18	96.9697
AB008655.1	AB008660.1	594	594	594	594	100.0	100.0	576	18	96.9697
AB008655.1	AB008661.1	594	594	594	594	100.0	100.0	522	72	87.8788
AB008655.1	AB008662.1	594	594	594	594	100.0	100.0	513	81	86.3636
AB008655.1	AB008663.1	594	594	594	594	100.0	100.0	526	68	88.5522
AB008655.1	AB008664.1	594	594	594	594	100.0	100.0	523	71	88.0471
AB008655.1	AB022773.1	594	594	594	594	100.0	100.0	522	72	87.8788
AB008655.1	AB035708.1	594	594	594	594	100.0	100.0	518	76	87.2054
AB008655.1	AB045217.1	594	594	594	594	100.0	100.0	521	73	87.7104
AB008655.1	AB045218.1	594	594	594	594	100.0	100.0	521	73	87.7104
AB008655.1	AB045219.1	594	594	594	594	100.0	100.0	521	73	87.7104
AB008655.1	AB045220.1	594	594	594	594	100.0	100.0	521	73	87.7104
AB008655.1	AB091353.1	594	594	594	591	100.0	99.4949	526	65	89.0017
AB008655.1	AB091354.1	594	594	594	591	100.0	99.4949	523	68	88.4941
AB008655.1	AB091355.1	594	594	594	591	100.0	99.4949	519	72	87.8173
AB008655.1	AB091356.1	594	594	594	591	100.0	99.4949	515	76	87.1404
AB008655.1	AB091357.1	594	594	594	591	100.0	99.4949	515	76	87.1404
AB008655.1	AB091358.1	594	594	594	591	100.0	99.4949	576	15	97.4619
AB008655.1	AB091359.1	594	594	594	591	100.0	99.4949	519	72	87.8173
AB008655.1	AB091726.1	594	594	594	591	100.0	99.4949	515	76	87.1404
AB008655.1	AB091727.1	594	594	594	591	100.0	99.4949	499	92	84.4332
AB008655.1	AB573078.1	594	594	594	594	100.0	100.0	552	42	92.9293
AB008655.1	AB573086.1	594	594	594	594	100.0	100.0	553	41	93.0976
AB008655.1	AB714268.1	594	594	594	594	100.0	100.0	529	65	89.0572
AB008655.1	AB741659.1	594	594	594	594	100.0	100.0	530	64	89.2256
AB008655.1	AB748607.1	594	594	594	563	100.0	94.7811	523	40	92.8952
AB008655.1	AB748608.1	594	594	594	563	100.0	94.7811	523	40	92.8952
AB008655.1	AB748609.1	594	594	594	563	100.0	94.7811	523	40	92.8952
AB008655.1	AB748610.1	594	594	594	567	100.0	95.4545	529	38	93.2981
AB008655.1	AB748611.1	594	594	594	594	100.0	100.0	553	41	93.0976
AB008655.1	AB755583.1	594	594	594	570	100.0	95.9596	472	98	82.807
AB008655.1	AB755584.1	594	594	594	570	100.0	95.9596	482	88	84.5614
AB008655.1	AB755585.1	594	594	594	570	100.0	95.9596	481	89	84.386
AB008655.1	AB755586.1	594	594	594	570	100.0	95.9596	479	91	84.0351
AB008655.1	AB755587.1	594	594	594	570	100.0	95.9596	478	92	83.8596
AB008655.1	AB755588.1	594	594	594	570	100.0	95.9596	482	88	84.5614
AB008655.1	AB755589.1	594	594	594	585	100.0	98.4848	496	89	84.7863
AB008655.1	AB755590.1	594	594	594	570	100.0	95.9596	482	88	84.5614
AB008655.1	AB755591.1	594	594	594	570	100.0	95.9596	473	97	82.9825
AB008655.1	AB755592.1	594	594	594	570	100.0	95.9596	478	92	83.8596
AB008655.1	AB755593.1	594	594	594	570	100.0	95.9596	479	91	84.0351
AB008655.1	AB755594.1	594	594	594	570	100.0	95.9596	478	92	83.8596
AB008655.1	AB755595.1	594	594	594	570	100.0	95.9596	480	90	84.2105
AB008655.1	AB755596.1	594	594	594	570	100.0	95.9596	481	89	84.386
AB008655.1	AB755597.1	594	594	594	585	100.0	98.4848	486	99	83.0769
AB008655.1	AB755598.1	594	594	594	570	100.0	95.9596	472	98	82.807
AB008656.1	AB008657.1	594	594	594	594	100.0	100.0	591	3	99.4949
AB008656.1	AB008658.1	594	594	594	594	100.0	100.0	590	4	99.3266
AB008656.1	AB008659.1	594	594	594	594	100.0	100.0	580	14	97.6431
AB008656.1	AB008660.1	594	594	594	594	100.0	100.0	582	12	97.9798
AB008656.1	AB008661.1	594	594	594	594	100.0	100.0	521	73	87.7104
AB008656.1	AB008662.1	594	594	594	594	100.0	100.0	514	80	86.532
AB008656.1	AB008663.1	594	594	594	594	100.0	100.0	525	69	88.3838
AB008656.1	AB008664.1	594	594	594	594	100.0	100.0	522	72	87.8788
AB008656.1	AB022773.1	594	594	594	594	100.0	100.0	521	73	87.7104
AB008656.1	AB035708.1	594	594	594	594	100.0	100.0	519	75	87.3737
AB008656.1	AB045217.1	594	594	594	594	100.0	100.0	520	74	87.5421
AB008656.1	AB045218.1	594	594	594	594	100.0	100.0	520	74	87.5421
AB008656.1	AB045219.1	594	594	594	594	100.0	100.0	520	74	87.5421
AB008656.1	AB045220.1	594	594	594	594	100.0	100.0	520	74	87.5421
AB008656.1	AB091353.1	594	594	594	591	100.0	99.4949	525	66	88.8325
AB008656.1	AB091354.1	594	594	594	591	100.0	99.4949	522	69	88.3249
AB008656.1	AB091355.1	594	594	594	591	100.0	99.4949	518	73	87.6481
AB008656.1	AB091356.1	594	594	594	591	100.0	99.4949	516	75	87.3096
AB008656.1	AB091357.1	594	594	594	591	100.0	99.4949	516	75	87.3096
AB008656.1	AB091358.1	594	594	594	591	100.0	99.4949	588	3	99.4924
AB008656.1	AB091359.1	594	594	594	591	100.0	99.4949	518	73	87.6481
AB008656.1	AB091726.1	594	594	594	591	100.0	99.4949	516	75	87.3096
AB008656.1	AB091727.1	594	594	594	591	100.0	99.4949	501	90	84.7716
AB008656.1	AB573078.1	594	594	594	594	100.0	100.0	553	41	93.0976
AB008656.1	AB573086.1	594	594	594	594	100.0	100.0	554	40	93.266
AB008656.1	AB714268.1	594	594	594	594	100.0	100.0	528	66	88.8889
AB008656.1	AB741659.1	594	594	594	594	100.0	100.0	531	63	89.3939
AB008656.1	AB748607.1	594	594	594	563	100.0	94.7811	526	37	93.4281
AB008656.1	AB748608.1	594	594	594	563	100.0	94.7811	526	37	93.4281
AB008656.1	AB748609.1	594	594	594	563	100.0	94.7811	526	37	93.4281
AB008656.1	AB748610.1	594	594	594	567	100.0	95.4545	534	33	94.1799
AB008656.1	AB748611.1	594	594	594	594	100.0	100.0	556	38	93.6027
AB008656.1	AB755583.1	594	594	594	570	100.0	95.9596	473	97	82.9825
AB008656.1	AB755584.1	594	594	594	570	100.0	95.9596	484	86	84.9123
AB008656.1	AB755585.1	594	594	594	570	100.0	95.9596	483	87	84.7368
AB008656.1	AB755586.1	594	594	594	570	100.0	95.9596	481	89	84.386
AB008656.1	AB755587.1	594	594	594	570	100.0	95.9596	480	90	84.2105
AB008656.1	AB755588.1	594	594	594	570	100.0	95.9596	484	86	84.9123
AB008656.1	AB755589.1	594	594	594	585	100.0	98.4848	498	87	85.1282
AB008656.1	AB755590.1	594	594	594	570	100.0	95.9596	484	86	84.9123
AB008656.1	AB755591.1	594	594	594	570	100.0	95.9596	474	96	83.1579
AB008656.1	AB755592.1	594	594	594	570	100.0	95.9596	480	90	84.2105
AB008656.1	AB755593.1	594	594	594	570	100.0	95.9596	481	89	84.386
AB008656.1	AB755594.1	594	594	594	570	100.0	95.9596	480	90	84.2105
AB008656.1	AB755595.1	594	594	594	570	100.0	95.9596	484	86	84.9123
AB008656.1	AB755596.1	594	594	594	570	100.0	95.9596	485	85	85.0877
AB008656.1	AB755597.1	594	594	594	585	100.0	98.4848	487	98	83.2479
AB008656.1	AB755598.1	594	594	594	570	100.0	95.9596	473	97	82.9825
AB008657.1	AB008658.1	594	594	594	594	100.0	100.0	589	5	99.1582
AB008657.1	AB008659.1	594	594	594	594	100.0	100.0	579	15	97.4747
AB008657.1	AB008660.1	594	594	594	594	100.0	100.0	581	13	97.8114
AB008657.1	AB008661.1	594	594	594	594	100.0	100.0	520	74	87.5421
AB008657.1	AB008662.1	594	594	594	594	100.0	100.0	513	81	86.3636
AB008657.1	AB008663.1	594	594	594	594	100.0	100.0	524	70	88.2155
AB008657.1	AB008664.1	594	594	594	594	100.0	100.0	521	73	87.7104
AB008657.1	AB022773.1	594	594	594	594	100.0	100.0	520	74	87.5421
AB008657.1	AB035708.1	594	594	594	594	100.0	100.0	518	76	87.2054
AB008657.1	AB045217.1	594	594	594	594	100.0	100.0	519	75	87.3737
AB008657.1	AB045218.1	594	594	594	594	100.0	100.0	519	75	87.3737
AB008657.1	AB045219.1	594	594	594	594	100.0	100.0	519	75	87.3737
AB008657.1	AB045220.1	594	594	594	594	100.0	100.0	519	75	87.3737
AB008657.1	AB091353.1	594	594	594	591	100.0	99.4949	524	67	88.6633
AB008657.1	AB091354.1	594	594	594	591	100.0	99.4949	521	70	88.1557
AB008657.1	AB091355.1	594	594	594	591	100.0	99.4949	517	74	87.4788
AB008657.1	AB091356.1	594	594	594	591	100.0	99.4949	515	76	87.1404
AB008657.1	AB091357.1	594	594	594	591	100.0	99.4949	515	76	87.1404
AB008657.1	AB091358.1	594	594	594	591	100.0	99.4949	587	4	99.3232
AB008657.1	AB091359.1	594	594	594	591	100.0	99.4949	517	74	87.4788
AB008657.1	AB091726.1	594	594	594	591	100.0	99.4949	515	76	87.1404
AB008657.1	AB091727.1	594	594	594	591	100.0	99.4949	504	87	85.2792
AB008657.1	AB573078.1	594	594	594	594	100.0	100.0	552	42	92.9293
AB008657.1	AB573086.1	594	594	594	594	100.0	100.0	553	41	93.0976
AB008657.1	AB714268.1	594	594	594	594	100.0	100.0	527	67	88.7205
AB008657.1	AB741659.1	594	594	594	594	100.0	100.0	530	64	89.2256
AB008657.1	AB748607.1	594	594	594	563	100.0	94.7811	525	38	93.2504
AB008657.1	AB748608.1	594	594	594	563	100.0	94.7811	525	38	93.2504
AB008657.1	AB748609.1	594	594	594	563	100.0	94.7811	525	38	93.2504
AB008657.1	AB748610.1	594	594	594	567	100.0	95.4545	533	34	94.0035
AB008657.1	AB748611.1	594	594	594	594	100.0	100.0	555	39	93.4343
AB008657.1	AB755583.1	594	594	594	570	100.0	95.9596	476	94	83.5088
AB008657.1	AB755584.1	594	594	594	570	100.0	95.9596	487	83	85.4386
AB008657.1	AB755585.1	594	594	594	570	100.0	95.9596	486	84	85.2632
AB008657.1	AB755586.1	594	594	594	570	100.0	95.9596	484	86	84.9123
AB008657.1	AB755587.1	594	594	594	570	100.0	95.9596	483	87	84.7368
AB008657.1	AB755588.1	594	594	594	570	100.0	95.9596	487	83	85.4386
AB008657.1	AB755589.1	594	594	594	585	100.0	98.4848	501	84	85.641
AB008657.1	AB755590.1	594	594	594	570	100.0	95.9596	487	83	85.4386
AB008657.1	AB755591.1	594	594	594	570	100.0	95.9596	477	93	83.6842
AB008657.1	AB755592.1	594	594	594	570	100.0	95.9596	483	87	84.7368
AB008657.1	AB755593.1	594	594	594	570	100.0	95.9596	484	86	84.9123
AB008657.1	AB755594.1	594	594	594	570	100.0	95.9596	483	87	84.7368
AB008657.1	AB755595.1	594	594	594	570	100.0	95.9596	487	83	85.4386
AB008657.1	AB755596.1	594	594	594	570	100.0	95.9596	488	82	85.614
AB008657.1	AB755597.1	594	594	594	585	100.0	98.4848	490	95	83.7607
AB008657.1	AB755598.1	594	594	594	570	100.0	95.9596	476	94	83.5088
AB008658.1	AB008659.1	594	594	594	594	100.0	100.0	578	16	97.3064
AB008658.1	AB008660.1	594	594	594	594	100.0	100.0	580	14	97.6431
AB008658.1	AB008661.1	594	594	594	594	100.0	100.0	519	75	87.3737
AB008658.1	AB008662.1	594	594	594	594	100.0	100.0	514	80	86.532
AB008658.1	AB008663.1	594	594	594	594	100.0	100.0	523	71	88.0471
AB008658.1	AB008664.1	594	594	594	594	100.0	100.0	520	74	87.5421
AB008658.1	AB022773.1	594	594	594	594	100.0	100.0	519	75	87.3737
AB008658.1	AB035708.1	594	594	594	594	100.0	100.0	519	75	87.3737
AB008658.1	AB045217.1	594	594	594	594	100.0	100.0	518	76	87.2054
AB008658.1	AB045218.1	594	594	594	594	100.0	100.0	518	76	87.2054
AB008658.1	AB045219.1	594	594	594	594	100.0	100.0	518	76	87.2054
AB008658.1	AB045220.1	594	594	594	594	100.0	100.0	518	76	87.2054
AB008658.1	AB091353.1	594	594	594	591	100.0	99.4949	523	68	88.4941
AB008658.1	AB091354.1	594	594	594	591	100.0	99.4949	520	71	87.9865
AB008658.1	AB091355.1	594	594	594	591	100.0	99.4949	516	75	87.3096
AB008658.1	AB091356.1	594	594	594	591	100.0	99.4949	514	77	86.9712
AB008658.1	AB091357.1	594	594	594	591	100.0	99.4949	516	75	87.3096
AB008658.1	AB091358.1	594	594	594	591	100.0	99.4949	586	5	99.154
AB008658.1	AB091359.1	594	594	594	591	100.0	99.4949	516	75	87.3096
AB008658.1	AB091726.1	594	594	594	591	100.0	99.4949	514	77	86.9712
AB008658.1	AB091727.1	594	594	594	591	100.0	99.4949	499	92	84.4332
AB008658.1	AB573078.1	594	594	594	594	100.0	100.0	551	43	92.7609
AB008658.1	AB573086.1	594	594	594	594	100.0	100.0	552	42	92.9293
AB008658.1	AB714268.1	594	594	594	594	100.0	100.0	526	68	88.5522
AB008658.1	AB741659.1	594	594	594	594	100.0	100.0	529	65	89.0572
AB008658.1	AB748607.1	594	594	594	563	100.0	94.7811	526	37	93.4281
AB008658.1	AB748608.1	594	594	594	563	100.0	94.7811	526	37	93.4281
AB008658.1	AB748609.1	594	594	594	563	100.0	94.7811	526	37	93.4281
AB008658.1	AB748610.1	594	594	594	567	100.0	95.4545	534	33	94.1799
AB008658.1	AB748611.1	594	594	594	594	100.0	100.0	556	38	93.6027
AB008658.1	AB755583.1	594	594	594	570	100.0	95.9596	471	99	82.6316
AB008658.1	AB755584.1	594	594	594	570	100.0	95.9596	482	88	84.5614
AB008658.1	AB755585.1	594	594	594	570	100.0	95.9596	481	89	84.386
AB008658.1	AB755586.1	594	594	594	570	100.0	95.9596	479	91	84.0351
AB008658.1	AB755587.1	594	594	594	570	100.0	95.9596	478	92	83.8596
AB008658.1	AB755588.1	594	594	594	570	100.0	95.9596	482	88	84.5614
AB008658.1	AB755589.1	594	594	594	585	100.0	98.4848	496	89	84.7863
AB008658.1	AB755590.1	594	594	594	570	100.0	95.9596	482	88	84.5614
AB008658.1	AB755591.1	594	594	594	570	100.0	95.9596	472	98	82.807
AB008658.1	AB755592.1	594	594	594	570	100.0	95.9596	478	92	83.8596
AB008658.1	AB755593.1	594	594	594	570	100.0	95.9596	479	91	84.0351
AB008658.1	AB755594.1	594	594	594	570	100.0	95.9596	478	92	83.8596
AB008658.1	AB755595.1	594	594	594	570	100.0	95.9596	482	88	84.5614
AB008658.1	AB755596.1	594	594	594	570	100.0	95.9596	483	87	84.7368
AB008658.1	AB755597.1	594	594	594	585	100.0	98.4848	485	100	82.906
AB008658.1	AB755598.1	594	594	594	570	100.0	95.9596	471	99	82.6316
AB008659.1	AB008660.1	594	594	594	594	100.0	100.0	592	2	99.6633
AB008659.1	AB008661.1	594	594	594	594	100.0	100.0	516	78	86.8687
AB008659.1	AB008662.1	594	594	594	594	100.0	100.0	509	85	85.6902
AB008659.1	AB008663.1	594	594	594	594	100.0	100.0	521	73	87.7104
AB008659.1	AB008664.1	594	594	594	594	100.0	100.0	518	76	87.2054
AB008659.1	AB022773.1	594	594	594	594	100.0	100.0	516	78	86.8687
AB008659.1	AB035708.1	594	594	594	594	100.0	100.0	514	80	86.532
AB008659.1	AB045217.1	594	594	594	594	100.0	100.0	515	79	86.7003
AB008659.1	AB045218.1	594	594	594	594	100.0	100.0	515	79	86.7003
AB008659.1	AB045219.1	594	594	594	594	100.0	100.0	515	79	86.7003
AB008659.1	AB045220.1	594	594	594	594	100.0	100.0	515	79	86.7003
AB008659.1	AB091353.1	594	594	594	591	100.0	99.4949	521	70	88.1557
AB008659.1	AB091354.1	594	594	594	591	100.0	99.4949	520	71	87.9865
AB008659.1	AB091355.1	594	594	594	591	100.0	99.4949	514	77	86.9712
AB008659.1	AB091356.1	594	594	594	591	100.0	99.4949	511	80	86.4636
AB008659.1	AB091357.1	594	594	594	591	100.0	99.4949	511	80	86.4636
AB008659.1	AB091358.1	594	594	594	591	100.0	99.4949	576	15	97.4619
AB008659.1	AB091359.1	594	594	594	591	100.0	99.4949	514	77	86.9712
AB008659.1	AB091726.1	594	594	594	591	100.0	99.4949	511	80	86.4636
AB008659.1	AB091727.1	594	594	594	591	100.0	99.4949	499	92	84.4332
AB008659.1	AB573078.1	594	594	594	594	100.0	100.0	553	41	93.0976
AB008659.1	AB573086.1	594	594	594	594	100.0	100.0	553	41	93.0976
AB008659.1	AB714268.1	594	594	594	594	100.0	100.0	522	72	87.8788
AB008659.1	AB741659.1	594	594	594	594	100.0	100.0	527	67	88.7205
AB008659.1	AB748607.1	594	594	594	563	100.0	94.7811	526	37	93.4281
AB008659.1	AB748608.1	594	594	594	563	100.0	94.7811	526	37	93.4281
AB008659.1	AB748609.1	594	594	594	563	100.0	94.7811	526	37	93.4281
AB008659.1	AB748610.1	594	594	594	567	100.0	95.4545	532	35	93.8272
AB008659.1	AB748611.1	594	594	594	594	100.0	100.0	556	38	93.6027
AB008659.1	AB755583.1	594	594	594	570	100.0	95.9596	473	97	82.9825
AB008659.1	AB755584.1	594	594	594	570	100.0	95.9596	481	89	84.386
AB008659.1	AB755585.1	594	594	594	570	100.0	95.9596	480	90	84.2105
AB008659.1	AB755586.1	594	594	594	570	100.0	95.9596	478	92	83.8596
AB008659.1	AB755587.1	594	594	594	570	100.0	95.9596	477	93	83.6842
AB008659.1	AB755588.1	594	594	594	570	100.0	95.9596	481	89	84.386
AB008659.1	AB755589.1	594	594	594	585	100.0	98.4848	495	90	84.6154
AB008659.1	AB755590.1	594	594	594	570	100.0	95.9596	481	89	84.386
AB008659.1	AB755591.1	594	594	594	570	100.0	95.9596	474	96	83.1579
AB008659.1	AB755592.1	594	594	594	570	100.0	95.9596	477	93	83.6842
AB008659.1	AB755593.1	594	594	594	570	100.0	95.9596	478	92	83.8596
AB008659.1	AB755594.1	594	594	594	570	100.0	95.9596	477	93	83.6842
AB008659.1	AB755595.1	594	594	594	570	100.0	95.9596	481	89	84.386
AB008659.1	AB755596.1	594	594	594	570	100.0	95.9596	482	88	84.5614
AB008659.1	AB755597.1	594	594	594	585	100.0	98.4848	485	100	82.906
AB008659.1	AB755598.1	594	594	594	570	100.0	95.9596	471	99	82.6316
AB008660.1	AB008661.1	594	594	594	594	100.0	100.0	518	76	87.2054
AB008660.1	AB008662.1	594	594	594	594	100.0	100.0	511	83	86.0269
AB008660.1	AB008663.1	594	594	594	594	100.0	100.0	523	71	88.0471
AB008660.1	AB008664.1	594	594	594	594	100.0	100.0	520	74	87.5421
AB008660.1	AB022773.1	594	594	594	594	100.0	100.0	518	76	87.2054
AB008660.1	AB035708.1	594	594	594	594	100.0	100.0	516	78	86.8687
AB008660.1	AB045217.1	594	594	594	594	100.0	100.0	517	77	87.037
AB008660.1	AB045218.1	594	594	594	594	100.0	100.0	517	77	87.037
AB008660.1	AB045219.1	594	594	594	594	100.0	100.0	517	77	87.037
AB008660.1	AB045220.1	594	594	594	594	100.0	100.0	517	77	87.037
AB008660.1	AB091353.1	594	594	594	591	100.0	99.4949	523	68	88.4941
AB008660.1	AB091354.1	594	594	594	591	100.0	99.4949	522	69	88.3249
AB008660.1	AB091355.1	594	594	594	591	100.0	99.4949	516	75	87.3096
AB008660.1	AB091356.1	594	594	594	591	100.0	99.4949	513	78	86.802
AB008660.1	AB091357.1	594	594	594	591	100.0	99.4949	513	78	86.802
AB008660.1	AB091358.1	594	594	594	591	100.0	99.4949	578	13	97.8003
AB008660.1	AB091359.1	594	594	594	591	100.0	99.4949	516	75	87.3096
AB008660.1	AB091726.1	594	594	594	591	100.0	99.4949	513	78	86.802
AB008660.1	AB091727.1	594	594	594	591	100.0	99.4949	501	90	84.7716
AB008660.1	AB573078.1	594	594	594	594	100.0	100.0	555	39	93.4343
AB008660.1	AB573086.1	594	594	594	594	100.0	100.0	555	39	93.4343
AB008660.1	AB714268.1	594	594	594	594	100.0	100.0	524	70	88.2155
AB008660.1	AB741659.1	594	594	594	594	100.0	100.0	529	65	89.0572
AB008660.1	AB748607.1	594	594	594	563	100.0	94.7811	528	35	93.7833
AB008660.1	AB748608.1	594	594	594	563	100.0	94.7811	528	35	93.7833
AB008660.1	AB748609.1	594	594	594	563	100.0	94.7811	528	35	93.7833
AB008660.1	AB748610.1	594	594	594	567	100.0	95.4545	534	33	94.1799
AB008660.1	AB748611.1	594	594	594	594	100.0	100.0	558	36	93.9394
AB008660.1	AB755583.1	594	594	594	570	100.0	95.9596	475	95	83.3333
AB008660.1	AB755584.1	594	594	594	570	100.0	95.9596	483	87	84.7368
AB008660.1	AB755585.1	594	594	594	570	100.0	95.9596	482	88	84.5614
AB008660.1	AB755586.1	594	594	594	570	100.0	95.9596	480	90	84.2105
AB008660.1	AB755587.1	594	594	594	570	100.0	95.9596	479	91	84.0351
AB008660.1	AB755588.1	594	594	594	570	100.0	95.9596	483	87	84.7368
AB008660.1	AB755589.1	594	594	594	585	100.0	98.4848	497	88	84.9573
AB008660.1	AB755590.1	594	594	594	570	100.0	95.9596	483	87	84.7368
AB008660.1	AB755591.1	594	594	594	570	100.0	95.9596	476	94	83.5088
AB008660.1	AB755592.1	594	594	594	570	100.0	95.9596	479	91	84.0351
AB008660.1	AB755593.1	594	594	594	570	100.0	95.9596	480	90	84.2105
AB008660.1	AB755594.1	594	594	594	570	100.0	95.9596	479	91	84.0351
AB008660.1	AB755595.1	594	594	594	570	100.0	95.9596	483	87	84.7368
AB008660.1	AB755596.1	594	594	594	570	100.0	95.9596	484	86	84.9123
AB008660.1	AB755597.1	594	594	594	585	100.0	98.4848	487	98	83.2479
AB008660.1	AB755598.1	594	594	594	570	100.0	95.9596	473	97	82.9825
AB008661.1	AB008662.1	594	594	594	594	100.0	100.0	583	11	98.1481
AB008661.1	AB008663.1	594	594	594	594	100.0	100.0	553	41	93.0976
AB008661.1	AB008664.1	594	594	594	594	100.0	100.0	550	44	92.5926
AB008661.1	AB022773.1	594	594	594	594	100.0	100.0	594	0	100.0
AB008661.1	AB035708.1	594	594	594	594	100.0	100.0	588	6	98.9899
AB008661.1	AB045217.1	594	594	594	594	100.0	100.0	575	19	96.8013
AB008661.1	AB045218.1	594	594	594	594	100.0	100.0	575	19	96.8013
AB008661.1	AB045219.1	594	594	594	594	100.0	100.0	575	19	96.8013
AB008661.1	AB045220.1	594	594	594	594	100.0	100.0	575	19	96.8013
AB008661.1	AB091353.1	594	594	594	591	100.0	99.4949	553	38	93.5702
AB008661.1	AB091354.1	594	594	594	591	100.0	99.4949	551	40	93.2318
AB008661.1	AB091355.1	594	594	594	591	100.0	99.4949	551	40	93.2318
AB008661.1	AB091356.1	594	594	594	591	100.0	99.4949	573	18	96.9543
AB008661.1	AB091357.1	594	594	594	591	100.0	99.4949	585	6	98.9848
AB008661.1	AB091358.1	594	594	594	591	100.0	99.4949	517	74	87.4788
AB008661.1	AB091359.1	594	594	594	591	100.0	99.4949	551	40	93.2318
AB008661.1	AB091726.1	594	594	594	591	100.0	99.4949	573	18	96.9543
AB008661.1	AB091727.1	594	594	594	591	100.0	99.4949	500	91	84.6024
AB008661.1	AB573078.1	594	594	594	594	100.0	100.0	514	80	86.532
AB008661.1	AB573086.1	594	594	594	594	100.0	100.0	515	79	86.7003
AB008661.1	AB714268.1	594	594	594	594	100.0	100.0	550	44	92.5926
AB008661.1	AB741659.1	594	594	594	594	100.0	100.0	555	39	93.4343
AB008661.1	AB748607.1	594	594	594	563	100.0	94.7811	483	80	85.7904
AB008661.1	AB748608.1	594	594	594	563	100.0	94.7811	483	80	85.7904
AB008661.1	AB748609.1	594	594	594	563	100.0	94.7811	483	80	85.7904
AB008661.1	AB748610.1	594	594	594	567	100.0	95.4545	488	79	86.067
AB008661.1	AB748611.1	594	594	594	594	100.0	100.0	512	82	86.1953
AB008661.1	AB755583.1	594	594	594	570	100.0	95.9596	475	95	83.3333
AB008661.1	AB755584.1	594	594	594	570	100.0	95.9596	483	87	84.7368
AB008661.1	AB755585.1	594	594	594	570	100.0	95.9596	484	86	84.9123
AB008661.1	AB755586.1	594	594	594	570	100.0	95.9596	480	90	84.2105
AB008661.1	AB755587.1	594	594	594	570	100.0	95.9596	479	91	84.0351
AB008661.1	AB755588.1	594	594	594	570	100.0	95.9596	483	87	84.7368
AB008661.1	AB755589.1	594	594	594	585	100.0	98.4848	496	89	84.7863
AB008661.1	AB755590.1	594	594	594	570	100.0	95.9596	483	87	84.7368
AB008661.1	AB755591.1	594	594	594	570	100.0	95.9596	476	94	83.5088
AB008661.1	AB755592.1	594	594	594	570	100.0	95.9596	479	91	84.0351
AB008661.1	AB755593.1	594	594	594	570	100.0	95.9596	480	90	84.2105
AB008661.1	AB755594.1	594	594	594	570	100.0	95.9596	479	91	84.0351
AB008661.1	AB755595.1	594	594	594	570	100.0	95.9596	483	87	84.7368
AB008661.1	AB755596.1	594	594	594	570	100.0	95.9596	484	86	84.9123
AB008661.1	AB755597.1	594	594	594	585	100.0	98.4848	486	99	83.0769
AB008661.1	AB755598.1	594	594	594	570	100.0	95.9596	473	97	82.9825
AB008662.1	AB008663.1	594	594	594	594	100.0	100.0	548	46	92.2559
AB008662.1	AB008664.1	594	594	594	594	100.0	100.0	545	49	91.7508
AB008662.1	AB022773.1	594	594	594	594	100.0	100.0	583	11	98.1481
AB008662.1	AB035708.1	594	594	594	594	100.0	100.0	587	7	98.8215
AB008662.1	AB045217.1	594	594	594	594	100.0	100.0	570	24	95.9596
AB008662.1	AB045218.1	594	594	594	594	100.0	100.0	570	24	95.9596
AB008662.1	AB045219.1	594	594	594	594	100.0	100.0	570	24	95.9596
AB008662.1	AB045220.1	594	594	594	594	100.0	100.0	570	24	95.9596
AB008662.1	AB091353.1	594	594	594	591	100.0	99.4949	548	43	92.7242
AB008662.1	AB091354.1	594	594	594	591	100.0	99.4949	546	45	92.3858
AB008662.1	AB091355.1	594	594	594	591	100.0	99.4949	546	45	92.3858
AB008662.1	AB091356.1	594	594	594	591	100.0	99.4949	570	21	96.4467
AB008662.1	AB091357.1	594	594	594	591	100.0	99.4949	584	7	98.8156
AB008662.1	AB091358.1	594	594	594	591	100.0	99.4949	510	81	86.2944
AB008662.1	AB091359.1	594	594	594	591	100.0	99.4949	546	45	92.3858
AB008662.1	AB091726.1	594	594	594	591	100.0	99.4949	570	21	96.4467
AB008662.1	AB091727.1	594	594	594	591	100.0	99.4949	495	96	83.7563
AB008662.1	AB573078.1	594	594	594	594	100.0	100.0	511	83	86.0269
AB008662.1	AB573086.1	594	594	594	594	100.0	100.0	513	81	86.3636
AB008662.1	AB714268.1	594	594	594	594	100.0	100.0	545	49	91.7508
AB008662.1	AB741659.1	594	594	594	594	100.0	100.0	550	44	92.5926
AB008662.1	AB748607.1	594	594	594	563	100.0	94.7811	482	81	85.6128
AB008662.1	AB748608.1	594	594	594	563	100.0	94.7811	482	81	85.6128
AB008662.1	AB748609.1	594	594	594	563	100.0	94.7811	482	81	85.6128
AB008662.1	AB748610.1	594	594	594	567	100.0	95.4545	487	80	85.8907
AB008662.1	AB748611.1	594	594	594	594	100.0	100.0	511	83	86.0269
AB008662.1	AB755583.1	594	594	594	570	100.0	95.9596	470	100	82.4561
AB008662.1	AB755584.1	594	594	594	570	100.0	95.9596	478	92	83.8596
AB008662.1	AB755585.1	594	594	594	570	100.0	95.9596	479	91	84.0351
AB008662.1	AB755586.1	594	594	594	570	100.0	95.9596	475	95	83.3333
AB008662.1	AB755587.1	594	594	594	570	100.0	95.9596	474	96	83.1579
AB008662.1	AB755588.1	594	594	594	570	100.0	95.9596	478	92	83.8596
AB008662.1	AB755589.1	594	594	594	585	100.0	98.4848	491	94	83.9316
AB008662.1	AB755590.1	594	594	594	570	100.0	95.9596	478	92	83.8596
AB008662.1	AB755591.1	594	594	594	570	100.0	95.9596	471	99	82.6316
AB008662.1	AB755592.1	594	594	594	570	100.0	95.9596	474	96	83.1579
AB008662.1	AB755593.1	594	594	594	570	100.0	95.9596	475	95	83.3333
AB008662.1	AB755594.1	594	594	594	570	100.0	95.9596	474	96	83.1579
AB008662.1	AB755595.1	594	594	594	570	100.0	95.9596	478	92	83.8596
AB008662.1	AB755596.1	594	594	594	570	100.0	95.9596	479	91	84.0351
AB008662.1	AB755597.1	594	594	594	585	100.0	98.4848	481	104	82.2222
AB008662.1	AB755598.1	594	594	594	570	100.0	95.9596	468	102	82.1053
AB008663.1	AB008664.1	594	594	594	594	100.0	100.0	591	3	99.4949
AB008663.1	AB022773.1	594	594	594	594	100.0	100.0	553	41	93.0976
AB008663.1	AB035708.1	594	594	594	594	100.0	100.0	553	41	93.0976
AB008663.1	AB045217.1	594	594	594	594	100.0	100.0	560	34	94.2761
AB008663.1	AB045218.1	594	594	594	594	100.0	100.0	560	34	94.2761
AB008663.1	AB045219.1	594	594	594	594	100.0	100.0	560	34	94.2761
AB008663.1	AB045220.1	594	594	594	594	100.0	100.0	560	34	94.2761
AB008663.1	AB091353.1	594	594	594	591	100.0	99.4949	588	3	99.4924
AB008663.1	AB091354.1	594	594	594	591	100.0	99.4949	584	7	98.8156
AB008663.1	AB091355.1	594	594	594	591	100.0	99.4949	583	8	98.6464
AB008663.1	AB091356.1	594	594	594	591	100.0	99.4949	550	41	93.0626
AB008663.1	AB091357.1	594	594	594	591	100.0	99.4949	550	41	93.0626
AB008663.1	AB091358.1	594	594	594	591	100.0	99.4949	523	68	88.4941
AB008663.1	AB091359.1	594	594	594	591	100.0	99.4949	583	8	98.6464
AB008663.1	AB091726.1	594	594	594	591	100.0	99.4949	554	37	93.7394
AB008663.1	AB091727.1	594	594	594	591	100.0	99.4949	499	92	84.4332
AB008663.1	AB573078.1	594	594	594	594	100.0	100.0	523	71	88.0471
AB008663.1	AB573086.1	594	594	594	594	100.0	100.0	520	74	87.5421
AB008663.1	AB714268.1	594	594	594	594	100.0	100.0	585	9	98.4848
AB008663.1	AB741659.1	594	594	594	594	100.0	100.0	583	11	98.1481
AB008663.1	AB748607.1	594	594	594	563	100.0	94.7811	496	67	88.0995
AB008663.1	AB748608.1	594	594	594	563	100.0	94.7811	496	67	88.0995
AB008663.1	AB748609.1	594	594	594	563	100.0	94.7811	496	67	88.0995
AB008663.1	AB748610.1	594	594	594	567	100.0	95.4545	498	69	87.8307
AB008663.1	AB748611.1	594	594	594	594	100.0	100.0	523	71	88.0471
AB008663.1	AB755583.1	594	594	594	570	100.0	95.9596	473	97	82.9825
AB008663.1	AB755584.1	594	594	594	570	100.0	95.9596	483	87	84.7368
AB008663.1	AB755585.1	594	594	594	570	100.0	95.9596	482	88	84.5614
AB008663.1	AB755586.1	594	594	594	570	100.0	95.9596	482	88	84.5614
AB008663.1	AB755587.1	594	594	594	570	100.0	95.9596	481	89	84.386
AB008663.1	AB755588.1	594	594	594	570	100.0	95.9596	483	87	84.7368
AB008663.1	AB755589.1	594	594	594	585	100.0	98.4848	495	90	84.6154
AB008663.1	AB755590.1	594	594	594	570	100.0	95.9596	483	87	84.7368
AB008663.1	AB755591.1	594	594	594	570	100.0	95.9596	474	96	83.1579
AB008663.1	AB755592.1	594	594	594	570	100.0	95.9596	481	89	84.386
AB008663.1	AB755593.1	594	594	594	570	100.0	95.9596	482	88	84.5614
AB008663.1	AB755594.1	594	594	594	570	100.0	95.9596	481	89	84.386
AB008663.1	AB755595.1	594	594	594	570	100.0	95.9596	483	87	84.7368
AB008663.1	AB755596.1	594	594	594	570	100.0	95.9596	484	86	84.9123
AB008663.1	AB755597.1	594	594	594	585	100.0	98.4848	485	100	82.906
AB008663.1	AB755598.1	594	594	594	570	100.0	95.9596	473	97	82.9825
AB008664.1	AB022773.1	594	594	594	594	100.0	100.0	550	44	92.5926
AB008664.1	AB035708.1	594	594	594	594	100.0	100.0	550	44	92.5926
AB008664.1	AB045217.1	594	594	594	594	100.0	100.0	557	37	93.771
AB008664.1	AB045218.1	594	594	594	594	100.0	100.0	557	37	93.771
AB008664.1	AB045219.1	594	594	594	594	100.0	100.0	557	37	93.771
AB008664.1	AB045220.1	594	594	594	594	100.0	100.0	557	37	93.771
AB008664.1	AB091353.1	594	594	594	591	100.0	99.4949	585	6	98.9848
AB008664.1	AB091354.1	594	594	594	591	100.0	99.4949	581	10	98.308
AB008664.1	AB091355.1	594	594	594	591	100.0	99.4949	580	11	98.1387
AB008664.1	AB091356.1	594	594	594	591	100.0	99.4949	547	44	92.555
AB008664.1	AB091357.1	594	594	594	591	100.0	99.4949	547	44	92.555
AB008664.1	AB091358.1	594	594	594	591	100.0	99.4949	520	71	87.9865
AB008664.1	AB091359.1	594	594	594	591	100.0	99.4949	580	11	98.1387
AB008664.1	AB091726.1	594	594	594	591	100.0	99.4949	551	40	93.2318
AB008664.1	AB091727.1	594	594	594	591	100.0	99.4949	496	95	83.9255
AB008664.1	AB573078.1	594	594	594	594	100.0	100.0	520	74	87.5421
AB008664.1	AB573086.1	594	594	594	594	100.0	100.0	517	77	87.037
AB008664.1	AB714268.1	594	594	594	594	100.0	100.0	582	12	97.9798
AB008664.1	AB741659.1	594	594	594	594	100.0	100.0	580	14	97.6431
AB008664.1	AB748607.1	594	594	594	563	100.0	94.7811	493	70	87.5666
AB008664.1	AB748608.1	594	594	594	563	100.0	94.7811	493	70	87.5666
AB008664.1	AB748609.1	594	594	594	563	100.0	94.7811	493	70	87.5666
AB008664.1	AB748610.1	594	594	594	567	100.0	95.4545	495	72	87.3016
AB008664.1	AB748611.1	594	594	594	594	100.0	100.0	520	74	87.5421
AB008664.1	AB755583.1	594	594	594	570	100.0	95.9596	470	100	82.4561
AB008664.1	AB755584.1	594	594	594	570	100.0	95.9596	480	90	84.2105
AB008664.1	AB755585.1	594	594	594	570	100.0	95.9596	479	91	84.0351
AB008664.1	AB755586.1	594	594	594	570	100.0	95.9596	479	91	84.0351
AB008664.1	AB755587.1	594	594	594	570	100.0	95.9596	478	92	83.8596
AB008664.1	AB755588.1	594	594	594	570	100.0	95.9596	480	90	84.2105
AB008664.1	AB755589.1	594	594	594	585	100.0	98.4848	492	93	84.1026
AB008664.1	AB755590.1	594	594	594	570	100.0	95.9596	480	90	84.2105
AB008664.1	AB755591.1	594	594	594	570	100.0	95.9596	471	99	82.6316
AB008664.1	AB755592.1	594	594	594	570	100.0	95.9596	478	92	83.8596
AB008664.1	AB755593.1	594	594	594	570	100.0	95.9596	479	91	84.0351
AB008664.1	AB755594.1	594	594	594	570	100.0	95.9596	478	92	83.8596
AB008664.1	AB755595.1	594	594	594	570	100.0	95.9596	480	90	84.2105
AB008664.1	AB755596.1	594	594	594	570	100.0	95.9596	481	89	84.386
AB008664.1	AB755597.1	594	594	594	585	100.0	98.4848	482	103	82.3932
AB008664.1	AB755598.1	594	594	594	570	100.0	95.9596	470	100	82.4561
AB022773.1	AB035708.1	594	594	594	594	100.0	100.0	588	6	98.9899
AB022773.1	AB045217.1	594	594	594	594	100.0	100.0	575	19	96.8013
AB022773.1	AB045218.1	594	594	594	594	100.0	100.0	575	19	96.8013
AB022773.1	AB045219.1	594	594	594	594	100.0	100.0	575	19	96.8013
AB022773.1	AB045220.1	594	594	594	594	100.0	100.0	575	19	96.8013
AB022773.1	AB091353.1	594	594	594	591	100.0	99.4949	553	38	93.5702
AB022773.1	AB091354.1	594	594	594	591	100.0	99.4949	551	40	93.2318
AB022773.1	AB091355.1	594	594	594	591	100.0	99.4949	551	40	93.2318
AB022773.1	AB091356.1	594	594	594	591	100.0	99.4949	573	18	96.9543
AB022773.1	AB091357.1	594	594	594	591	100.0	99.4949	585	6	98.9848
AB022773.1	AB091358.1	594	594	594	591	100.0	99.4949	517	74	87.4788
AB022773.1	AB091359.1	594	594	594	591	100.0	99.4949	551	40	93.2318
AB022773.1	AB091726.1	594	594	594	591	100.0	99.4949	573	18	96.9543
AB022773.1	AB091727.1	594	594	594	591	100.0	99.4949	500	91	84.6024
AB022773.1	AB573078.1	594	594	594	594	100.0	100.0	514	80	86.532
AB022773.1	AB573086.1	594	594	594	594	100.0	100.0	515	79	86.7003
AB022773.1	AB714268.1	594	594	594	594	100.0	100.0	550	44	92.5926
AB022773.1	AB741659.1	594	594	594	594	100.0	100.0	555	39	93.4343
AB022773.1	AB748607.1	594	594	594	563	100.0	94.7811	483	80	85.7904
AB022773.1	AB748608.1	594	594	594	563	100.0	94.7811	483	80	85.7904
AB022773.1	AB748609.1	594	594	594	563	100.0	94.7811	483	80	85.7904
AB022773.1	AB748610.1	594	594	594	567	100.0	95.4545	488	79	86.067
AB022773.1	AB748611.1	594	594	594	594	100.0	100.0	512	82	86.1953
AB022773.1	AB755583.1	594	594	594	570	100.0	95.9596	475	95	83.3333
AB022773.1	AB755584.1	594	594	594	570	100.0	95.9596	483	87	84.7368
AB022773.1	AB755585.1	594	594	594	570	100.0	95.9596	484	86	84.9123
AB022773.1	AB755586.1	594	594	594	570	100.0	95.9596	480	90	84.2105
AB022773.1	AB755587.1	594	594	594	570	100.0	95.9596	479	91	84.0351
AB022773.1	AB755588.1	594	594	594	570	100.0	95.9596	483	87	84.7368
AB022773.1	AB755589.1	594	594	594	585	100.0	98.4848	496	89	84.7863
AB022773.1	AB755590.1	594	594	594	570	100.0	95.9596	483	87	84.7368
AB022773.1	AB755591.1	594	594	594	570	100.0	95.9596	476	94	83.5088
AB022773.1	AB755592.1	594	594	594	570	100.0	95.9596	479	91	84.0351
AB022773.1	AB755593.1	594	594	594	570	100.0	95.9596	480	90	84.2105
AB022773.1	AB755594.1	594	594	594	570	100.0	95.9596	479	91	84.0351
AB022773.1	AB755595.1	594	594	594	570	100.0	95.9596	483	87	84.7368
AB022773.1	AB755596.1	594	594	594	570	100.0	95.9596	484	86	84.9123
AB022773.1	AB755597.1	594	594	594	585	100.0	98.4848	486	99	83.0769
AB022773.1	AB755598.1	594	594	594	570	100.0	95.9596	473	97	82.9825
AB035708.1	AB045217.1	594	594	594	594	100.0	100.0	575	19	96.8013
AB035708.1	AB045218.1	594	594	594	594	100.0	100.0	575	19	96.8013
AB035708.1	AB045219.1	594	594	594	594	100.0	100.0	575	19	96.8013
AB035708.1	AB045220.1	594	594	594	594	100.0	100.0	575	19	96.8013
AB035708.1	AB091353.1	594	594	594	591	100.0	99.4949	553	38	93.5702
AB035708.1	AB091354.1	594	594	594	591	100.0	99.4949	551	40	93.2318
AB035708.1	AB091355.1	594	594	594	591	100.0	99.4949	551	40	93.2318
AB035708.1	AB091356.1	594	594	594	591	100.0	99.4949	575	16	97.2927
AB035708.1	AB091357.1	594	594	594	591	100.0	99.4949	591	0	100.0
AB035708.1	AB091358.1	594	594	594	591	100.0	99.4949	515	76	87.1404
AB035708.1	AB091359.1	594	594	594	591	100.0	99.4949	551	40	93.2318
AB035708.1	AB091726.1	594	594	594	591	100.0	99.4949	575	16	97.2927
AB035708.1	AB091727.1	594	594	594	591	100.0	99.4949	500	91	84.6024
AB035708.1	AB573078.1	594	594	594	594	100.0	100.0	514	80	86.532
AB035708.1	AB573086.1	594	594	594	594	100.0	100.0	516	78	86.8687
AB035708.1	AB714268.1	594	594	594	594	100.0	100.0	550	44	92.5926
AB035708.1	AB741659.1	594	594	594	594	100.0	100.0	555	39	93.4343
AB035708.1	AB748607.1	594	594	594	563	100.0	94.7811	485	78	86.1456
AB035708.1	AB748608.1	594	594	594	563	100.0	94.7811	485	78	86.1456
AB035708.1	AB748609.1	594	594	594	563	100.0	94.7811	485	78	86.1456
AB035708.1	AB748610.1	594	594	594	567	100.0	95.4545	490	77	86.4198
AB035708.1	AB748611.1	594	594	594	594	100.0	100.0	514	80	86.532
AB035708.1	AB755583.1	594	594	594	570	100.0	95.9596	475	95	83.3333
AB035708.1	AB755584.1	594	594	594	570	100.0	95.9596	483	87	84.7368
AB035708.1	AB755585.1	594	594	594	570	100.0	95.9596	484	86	84.9123
AB035708.1	AB755586.1	594	594	594	570	100.0	95.9596	480	90	84.2105
AB035708.1	AB755587.1	594	594	594	570	100.0	95.9596	479	91	84.0351
AB035708.1	AB755588.1	594	594	594	570	100.0	95.9596	483	87	84.7368
AB035708.1	AB755589.1	594	594	594	585	100.0	98.4848	496	89	84.7863
AB035708.1	AB755590.1	594	594	594	570	100.0	95.9596	483	87	84.7368
AB035708.1	AB755591.1	594	594	594	570	100.0	95.9596	476	94	83.5088
AB035708.1	AB755592.1	594	594	594	570	100.0	95.9596	479	91	84.0351
AB035708.1	AB755593.1	594	594	594	570	100.0	95.9596	480	90	84.2105
AB035708.1	AB755594.1	594	594	594	570	100.0	95.9596	479	91	84.0351
AB035708.1	AB755595.1	594	594	594	570	100.0	95.9596	483	87	84.7368
AB035708.1	AB755596.1	594	594	594	570	100.0	95.9596	484	86	84.9123
AB035708.1	AB755597.1	594	594	594	585	100.0	98.4848	486	99	83.0769
AB035708.1	AB755598.1	594	594	594	570	100.0	95.9596	473	97	82.9825
AB045217.1	AB045218.1	594	594	594	594	100.0	100.0	594	0	100.0
AB045217.1	AB045219.1	594	594	594	594	100.0	100.0	594	0	100.0
AB045217.1	AB045220.1	594	594	594	594	100.0	100.0	594	0	100.0
AB045217.1	AB091353.1	594	594	594	591	100.0	99.4949	558	33	94.4162
AB045217.1	AB091354.1	594	594	594	591	100.0	99.4949	554	37	93.7394
AB045217.1	AB091355.1	594	594	594	591	100.0	99.4949	554	37	93.7394
AB045217.1	AB091356.1	594	594	594	591	100.0	99.4949	580	11	98.1387
AB045217.1	AB091357.1	594	594	594	591	100.0	99.4949	572	19	96.7851
AB045217.1	AB091358.1	594	594	594	591	100.0	99.4949	518	73	87.6481
AB045217.1	AB091359.1	594	594	594	591	100.0	99.4949	554	37	93.7394
AB045217.1	AB091726.1	594	594	594	591	100.0	99.4949	584	7	98.8156
AB045217.1	AB091727.1	594	594	594	591	100.0	99.4949	503	88	85.11
AB045217.1	AB573078.1	594	594	594	594	100.0	100.0	517	77	87.037
AB045217.1	AB573086.1	594	594	594	594	100.0	100.0	517	77	87.037
AB045217.1	AB714268.1	594	594	594	594	100.0	100.0	555	39	93.4343
AB045217.1	AB741659.1	594	594	594	594	100.0	100.0	560	34	94.2761
AB045217.1	AB748607.1	594	594	594	563	100.0	94.7811	487	76	86.5009
AB045217.1	AB748608.1	594	594	594	563	100.0	94.7811	487	76	86.5009
AB045217.1	AB748609.1	594	594	594	563	100.0	94.7811	487	76	86.5009
AB045217.1	AB748610.1	594	594	594	567	100.0	95.4545	489	78	86.2434
AB045217.1	AB748611.1	594	594	594	594	100.0	100.0	516	78	86.8687
AB045217.1	AB755583.1	594	594	594	570	100.0	95.9596	476	94	83.5088
AB045217.1	AB755584.1	594	594	594	570	100.0	95.9596	486	84	85.2632
AB045217.1	AB755585.1	594	594	594	570	100.0	95.9596	485	85	85.0877
AB045217.1	AB755586.1	594	594	594	570	100.0	95.9596	483	87	84.7368
AB045217.1	AB755587.1	594	594	594	570	100.0	95.9596	482	88	84.5614
AB045217.1	AB755588.1	594	594	594	570	100.0	95.9596	486	84	85.2632
AB045217.1	AB755589.1	594	594	594	585	100.0	98.4848	499	86	85.2991
AB045217.1	AB755590.1	594	594	594	570	100.0	95.9596	486	84	85.2632
AB045217.1	AB755591.1	594	594	594	570	100.0	95.9596	477	93	83.6842
AB045217.1	AB755592.1	594	594	594	570	100.0	95.9596	482	88	84.5614
AB045217.1	AB755593.1	594	594	594	570	100.0	95.9596	483	87	84.7368
AB045217.1	AB755594.1	594	594	594	570	100.0	95.9596	482	88	84.5614
AB045217.1	AB755595.1	594	594	594	570	100.0	95.9596	484	86	84.9123
AB045217.1	AB755596.1	594	594	594	570	100.0	95.9596	485	85	85.0877
AB045217.1	AB755597.1	594	594	594	585	100.0	98.4848	489	96	83.5897
AB045217.1	AB755598.1	594	594	594	570	100.0	95.9596	476	94	83.5088
AB045218.1	AB045219.1	594	594	594	594	100.0	100.0	594	0	100.0
AB045218.1	AB045220.1	594	594	594	594	100.0	100.0	594	0	100.0
AB045218.1	AB091353.1	594	594	594	591	100.0	99.4949	558	33	94.4162
AB045218.1	AB091354.1	594	594	594	591	100.0	99.4949	554	37	93.7394
AB045218.1	AB091355.1	594	594	594	591	100.0	99.4949	554	37	93.7394
AB045218.1	AB091356.1	594	594	594	591	100.0	99.4949	580	11	98.1387
AB045218.1	AB091357.1	594	594	594	591	100.0	99.4949	572	19	96.7851
AB045218.1	AB091358.1	594	594	594	591	100.0	99.4949	518	73	87.6481
AB045218.1	AB091359.1	594	594	594	591	100.0	99.4949	554	37	93.7394
AB045218.1	AB091726.1	594	594	594	591	100.0	99.4949	584	7	98.8156
AB045218.1	AB091727.1	594	594	594	591	100.0	99.4949	503	88	85.11
AB045218.1	AB573078.1	594	594	594	594	100.0	100.0	517	77	87.037
AB045218.1	AB573086.1	594	594	594	594	100.0	100.0	517	77	87.037
AB045218.1	AB714268.1	594	594	594	594	100.0	100.0	555	39	93.4343
AB045218.1	AB741659.1	594	594	594	594	100.0	100.0	560	34	94.2761
AB045218.1	AB748607.1	594	594	594	563	100.0	94.7811	487	76	86.5009
AB045218.1	AB748608.1	594	594	594	563	100.0	94.7811	487	76	86.5009
AB045218.1	AB748609.1	594	594	594	563	100.0	94.7811	487	76	86.5009
AB045218.1	AB748610.1	594	594	594	567	100.0	95.4545	489	78	86.2434
AB045218.1	AB748611.1	594	594	594	594	100.0	100.0	516	78	86.8687
AB045218.1	AB755583.1	594	594	594	570	100.0	95.9596	476	94	83.5088
AB045218.1	AB755584.1	594	594	594	570	100.0	95.9596	486	84	85.2632
AB045218.1	AB755585.1	594	594	594	570	100.0	95.9596	485	85	85.0877
AB045218.1	AB755586.1	594	594	594	570	100.0	95.9596	483	87	84.7368
AB045218.1	AB755587.1	594	594	594	570	100.0	95.9596	482	88	84.5614
AB045218.1	AB755588.1	594	594	594	570	100.0	95.9596	486	84	85.2632
AB045218.1	AB755589.1	594	594	594	585	100.0	98.4848	499	86	85.2991
AB045218.1	AB755590.1	594	594	594	570	100.0	95.9596	486	84	85.2632
AB045218.1	AB755591.1	594	594	594	570	100.0	95.9596	477	93	83.6842
AB045218.1	AB755592.1	594	594	594	570	100.0	95.9596	482	88	84.5614
AB045218.1	AB755593.1	594	594	594	570	100.0	95.9596	483	87	84.7368
AB045218.1	AB755594.1	594	594	594	570	100.0	95.9596	482	88	84.5614
AB045218.1	AB755595.1	594	594	594	570	100.0	95.9596	484	86	84.9123
AB045218.1	AB755596.1	594	594	594	570	100.0	95.9596	485	85	85.0877
AB045218.1	AB755597.1	594	594	594	585	100.0	98.4848	489	96	83.5897
AB045218.1	AB755598.1	594	594	594	570	100.0	95.9596	476	94	83.5088
AB045219.1	AB045220.1	594	594	594	594	100.0	100.0	594	0	100.0
AB045219.1	AB091353.1	594	594	594	591	100.0	99.4949	558	33	94.4162
AB045219.1	AB091354.1	594	594	594	591	100.0	99.4949	554	37	93.7394
AB045219.1	AB091355.1	594	594	594	591	100.0	99.4949	554	37	93.7394
AB045219.1	AB091356.1	594	594	594	591	100.0	99.4949	580	11	98.1387
AB045219.1	AB091357.1	594	594	594	591	100.0	99.4949	572	19	96.7851
AB045219.1	AB091358.1	594	594	594	591	100.0	99.4949	518	73	87.6481
AB045219.1	AB091359.1	594	594	594	591	100.0	99.4949	554	37	93.7394
AB045219.1	AB091726.1	594	594	594	591	100.0	99.4949	584	7	98.8156
AB045219.1	AB091727.1	594	594	594	591	100.0	99.4949	503	88	85.11
AB045219.1	AB573078.1	594	594	594	594	100.0	100.0	517	77	87.037
AB045219.1	AB573086.1	594	594	594	594	100.0	100.0	517	77	87.037
AB045219.1	AB714268.1	594	594	594	594	100.0	100.0	555	39	93.4343
AB045219.1	AB741659.1	594	594	594	594	100.0	100.0	560	34	94.2761
AB045219.1	AB748607.1	594	594	594	563	100.0	94.7811	487	76	86.5009
AB045219.1	AB748608.1	594	594	594	563	100.0	94.7811	487	76	86.5009
AB045219.1	AB748609.1	594	594	594	563	100.0	94.7811	487	76	86.5009
AB045219.1	AB748610.1	594	594	594	567	100.0	95.4545	489	78	86.2434
AB045219.1	AB748611.1	594	594	594	594	100.0	100.0	516	78	86.8687
AB045219.1	AB755583.1	594	594	594	570	100.0	95.9596	476	94	83.5088
AB045219.1	AB755584.1	594	594	594	570	100.0	95.9596	486	84	85.2632
AB045219.1	AB755585.1	594	594	594	570	100.0	95.9596	485	85	85.0877
AB045219.1	AB755586.1	594	594	594	570	100.0	95.9596	483	87	84.7368
AB045219.1	AB755587.1	594	594	594	570	100.0	95.9596	482	88	84.5614
AB045219.1	AB755588.1	594	594	594	570	100.0	95.9596	486	84	85.2632
AB045219.1	AB755589.1	594	594	594	585	100.0	98.4848	499	86	85.2991
AB045219.1	AB755590.1	594	594	594	570	100.0	95.9596	486	84	85.2632
AB045219.1	AB755591.1	594	594	594	570	100.0	95.9596	477	93	83.6842
AB045219.1	AB755592.1	594	594	594	570	100.0	95.9596	482	88	84.5614
AB045219.1	AB755593.1	594	594	594	570	100.0	95.9596	483	87	84.7368
AB045219.1	AB755594.1	594	594	594	570	100.0	95.9596	482	88	84.5614
AB045219.1	AB755595.1	594	594	594	570	100.0	95.9596	484	86	84.9123
AB045219.1	AB755596.1	594	594	594	570	100.0	95.9596	485	85	85.0877
AB045219.1	AB755597.1	594	594	594	585	100.0	98.4848	489	96	83.5897
AB045219.1	AB755598.1	594	594	594	570	100.0	95.9596	476	94	83.5088
AB045220.1	AB091353.1	594	594	594	591	100.0	99.4949	558	33	94.4162
AB045220.1	AB091354.1	594	594	594	591	100.0	99.4949	554	37	93.7394
AB045220.1	AB091355.1	594	594	594	591	100.0	99.4949	554	37	93.7394
AB045220.1	AB091356.1	594	594	594	591	100.0	99.4949	580	11	98.1387
AB045220.1	AB091357.1	594	594	594	591	100.0	99.4949	572	19	96.7851
AB045220.1	AB091358.1	594	594	594	591	100.0	99.4949	518	73	87.6481
AB045220.1	AB091359.1	594	594	594	591	100.0	99.4949	554	37	93.7394
AB045220.1	AB091726.1	594	594	594	591	100.0	99.4949	584	7	98.8156
AB045220.1	AB091727.1	594	594	594	591	100.0	99.4949	503	88	85.11
AB045220.1	AB573078.1	594	594	594	594	100.0	100.0	517	77	87.037
AB045220.1	AB573086.1	594	594	594	594	100.0	100.0	517	77	87.037
AB045220.1	AB714268.1	594	594	594	594	100.0	100.0	555	39	93.4343
AB045220.1	AB741659.1	594	594	594	594	100.0	100.0	560	34	94.2761
AB045220.1	AB748607.1	594	594	594	563	100.0	94.7811	487	76	86.5009
AB045220.1	AB748608.1	594	594	594	563	100.0	94.7811	487	76	86.5009
AB045220.1	AB748609.1	594	594	594	563	100.0	94.7811	487	76	86.5009
AB045220.1	AB748610.1	594	594	594	567	100.0	95.4545	489	78	86.2434
AB045220.1	AB748611.1	594	594	594	594	100.0	100.0	516	78	86.8687
AB045220.1	AB755583.1	594	594	594	570	100.0	95.9596	476	94	83.5088
AB045220.1	AB755584.1	594	594	594	570	100.0	95.9596	486	84	85.2632
AB045220.1	AB755585.1	594	594	594	570	100.0	95.9596	485	85	85.0877
AB045220.1	AB755586.1	594	594	594	570	100.0	95.9596	483	87	84.7368
AB045220.1	AB755587.1	594	594	594	570	100.0	95.9596	482	88	84.5614
AB045220.1	AB755588.1	594	594	594	570	100.0	95.9596	486	84	85.2632
AB045220.1	AB755589.1	594	594	594	585	100.0	98.4848	499	86	85.2991
AB045220.1	AB755590.1	594	594	594	570	100.0	95.9596	486	84	85.2632
AB045220.1	AB755591.1	594	594	594	570	100.0	95.9596	477	93	83.6842
AB045220.1	AB755592.1	594	594	594	570	100.0	95.9596	482	88	84.5614
AB045220.1	AB755593.1	594	594	594	570	100.0	95.9596	483	87	84.7368
AB045220.1	AB755594.1	594	594	594	570	100.0	95.9596	482	88	84.5614
AB045220.1	AB755595.1	594	594	594	570	100.0	95.9596	484	86	84.9123
AB045220.1	AB755596.1	594	594	594	570	100.0	95.9596	485	85	85.0877
AB045220.1	AB755597.1	594	594	594	585	100.0	98.4848	489	96	83.5897
AB045220.1	AB755598.1	594	594	594	570	100.0	95.9596	476	94	83.5088
AB091353.1	AB091354.1	594	594	591	591	99.4949	99.4949	587	4	99.3232
AB091353.1	AB091355.1	594	594	591	591	99.4949	99.4949	584	7	98.8156
AB091353.1	AB091356.1	594	594	591	591	99.4949	99.4949	553	38	93.5702
AB091353.1	AB091357.1	594	594	591	591	99.4949	99.4949	553	38	93.5702
AB091353.1	AB091358.1	594	594	591	591	99.4949	99.4949	526	65	89.0017
AB091353.1	AB091359.1	594	594	591	591	99.4949	99.4949	584	7	98.8156
AB091353.1	AB091726.1	594	594	591	591	99.4949	99.4949	557	34	94.247
AB091353.1	AB091727.1	594	594	591	591	99.4949	99.4949	500	91	84.6024
AB091353.1	AB573078.1	594	594	591	594	99.4949	100.0	521	70	88.1557
AB091353.1	AB573086.1	594	594	591	594	99.4949	100.0	520	71	87.9865
AB091353.1	AB714268.1	594	594	591	594	99.4949	100.0	583	8	98.6464
AB091353.1	AB741659.1	594	594	591	594	99.4949	100.0	583	8	98.6464
AB091353.1	AB748607.1	594	594	591	563	99.4949	94.7811	499	64	88.6323
AB091353.1	AB748608.1	594	594	591	563	99.4949	94.7811	499	64	88.6323
AB091353.1	AB748609.1	594	594	591	563	99.4949	94.7811	499	64	88.6323
AB091353.1	AB748610.1	594	594	591	567	99.4949	95.4545	501	66	88.3598
AB091353.1	AB748611.1	594	594	591	594	99.4949	100.0	523	68	88.4941
AB091353.1	AB755583.1	594	594	591	570	99.4949	95.9596	474	96	83.1579
AB091353.1	AB755584.1	594	594	591	570	99.4949	95.9596	484	86	84.9123
AB091353.1	AB755585.1	594	594	591	570	99.4949	95.9596	483	87	84.7368
AB091353.1	AB755586.1	594	594	591	570	99.4949	95.9596	483	87	84.7368
AB091353.1	AB755587.1	594	594	591	570	99.4949	95.9596	482	88	84.5614
AB091353.1	AB755588.1	594	594	591	570	99.4949	95.9596	484	86	84.9123
AB091353.1	AB755589.1	594	594	591	585	99.4949	98.4848	496	89	84.7863
AB091353.1	AB755590.1	594	594	591	570	99.4949	95.9596	484	86	84.9123
AB091353.1	AB755591.1	594	594	591	570	99.4949	95.9596	475	95	83.3333
AB091353.1	AB755592.1	594	594	591	570	99.4949	95.9596	482	88	84.5614
AB091353.1	AB755593.1	594	594	591	570	99.4949	95.9596	483	87	84.7368
AB091353.1	AB755594.1	594	594	591	570	99.4949	95.9596	482	88	84.5614
AB091353.1	AB755595.1	594	594	591	570	99.4949	95.9596	484	86	84.9123
AB091353.1	AB755596.1	594	594	591	570	99.4949	95.9596	485	85	85.0877
AB091353.1	AB755597.1	594	594	591	585	99.4949	98.4848	486	99	83.0769
AB091353.1	AB755598.1	594	594	591	570	99.4949	95.9596	474	96	83.1579
AB091354.1	AB091355.1	594	594	591	591	99.4949	99.4949	580	11	98.1387
AB091354.1	AB091356.1	594	594	591	591	99.4949	99.4949	549	42	92.8934
AB091354.1	AB091357.1	594	594	591	591	99.4949	99.4949	551	40	93.2318
AB091354.1	AB091358.1	594	594	591	591	99.4949	99.4949	523	68	88.4941
AB091354.1	AB091359.1	594	594	591	591	99.4949	99.4949	580	11	98.1387
AB091354.1	AB091726.1	594	594	591	591	99.4949	99.4949	553	38	93.5702
AB091354.1	AB091727.1	594	594	591	591	99.4949	99.4949	498	93	84.264
AB091354.1	AB573078.1	594	594	591	594	99.4949	100.0	519	72	87.8173
AB091354.1	AB573086.1	594	594	591	594	99.4949	100.0	518	73	87.6481
AB091354.1	AB714268.1	594	594	591	594	99.4949	100.0	579	12	97.9695
AB091354.1	AB741659.1	594	594	591	594	99.4949	100.0	579	12	97.9695
AB091354.1	AB748607.1	594	594	591	563	99.4949	94.7811	497	66	88.2771
AB091354.1	AB748608.1	594	594	591	563	99.4949	94.7811	497	66	88.2771
AB091354.1	AB748609.1	594	594	591	563	99.4949	94.7811	497	66	88.2771
AB091354.1	AB748610.1	594	594	591	567	99.4949	95.4545	499	68	88.0071
AB091354.1	AB748611.1	594	594	591	594	99.4949	100.0	521	70	88.1557
AB091354.1	AB755583.1	594	594	591	570	99.4949	95.9596	474	96	83.1579
AB091354.1	AB755584.1	594	594	591	570	99.4949	95.9596	482	88	84.5614
AB091354.1	AB755585.1	594	594	591	570	99.4949	95.9596	481	89	84.386
AB091354.1	AB755586.1	594	594	591	570	99.4949	95.9596	483	87	84.7368
AB091354.1	AB755587.1	594	594	591	570	99.4949	95.9596	482	88	84.5614
AB091354.1	AB755588.1	594	594	591	570	99.4949	95.9596	482	88	84.5614
AB091354.1	AB755589.1	594	594	591	585	99.4949	98.4848	494	91	84.4444
AB091354.1	AB755590.1	594	594	591	570	99.4949	95.9596	482	88	84.5614
AB091354.1	AB755591.1	594	594	591	570	99.4949	95.9596	475	95	83.3333
AB091354.1	AB755592.1	594	594	591	570	99.4949	95.9596	482	88	84.5614
AB091354.1	AB755593.1	594	594	591	570	99.4949	95.9596	483	87	84.7368
AB091354.1	AB755594.1	594	594	591	570	99.4949	95.9596	482	88	84.5614
AB091354.1	AB755595.1	594	594	591	570	99.4949	95.9596	482	88	84.5614
AB091354.1	AB755596.1	594	594	591	570	99.4949	95.9596	483	87	84.7368
AB091354.1	AB755597.1	594	594	591	585	99.4949	98.4848	486	99	83.0769
AB091354.1	AB755598.1	594	594	591	570	99.4949	95.9596	474	96	83.1579
AB091355.1	AB091356.1	594	594	591	591	99.4949	99.4949	551	40	93.2318
AB091355.1	AB091357.1	594	594	591	591	99.4949	99.4949	551	40	93.2318
AB091355.1	AB091358.1	594	594	591	591	99.4949	99.4949	519	72	87.8173
AB091355.1	AB091359.1	594	594	591	591	99.4949	99.4949	591	0	100.0
AB091355.1	AB091726.1	594	594	591	591	99.4949	99.4949	555	36	93.9086
AB091355.1	AB091727.1	594	594	591	591	99.4949	99.4949	496	95	83.9255
AB091355.1	AB573078.1	594	594	591	594	99.4949	100.0	514	77	86.9712
AB091355.1	AB573086.1	594	594	591	594	99.4949	100.0	514	77	86.9712
AB091355.1	AB714268.1	594	594	591	594	99.4949	100.0	578	13	97.8003
AB091355.1	AB741659.1	594	594	591	594	99.4949	100.0	576	15	97.4619
AB091355.1	AB748607.1	594	594	591	563	99.4949	94.7811	492	71	87.389
AB091355.1	AB748608.1	594	594	591	563	99.4949	94.7811	492	71	87.389
AB091355.1	AB748609.1	594	594	591	563	99.4949	94.7811	492	71	87.389
AB091355.1	AB748610.1	594	594	591	567	99.4949	95.4545	495	72	87.3016
AB091355.1	AB748611.1	594	594	591	594	99.4949	100.0	516	75	87.3096
AB091355.1	AB755583.1	594	594	591	570	99.4949	95.9596	472	98	82.807
AB091355.1	AB755584.1	594	594	591	570	99.4949	95.9596	479	91	84.0351
AB091355.1	AB755585.1	594	594	591	570	99.4949	95.9596	478	92	83.8596
AB091355.1	AB755586.1	594	594	591	570	99.4949	95.9596	478	92	83.8596
AB091355.1	AB755587.1	594	594	591	570	99.4949	95.9596	477	93	83.6842
AB091355.1	AB755588.1	594	594	591	570	99.4949	95.9596	479	91	84.0351
AB091355.1	AB755589.1	594	594	591	585	99.4949	98.4848	491	94	83.9316
AB091355.1	AB755590.1	594	594	591	570	99.4949	95.9596	479	91	84.0351
AB091355.1	AB755591.1	594	594	591	570	99.4949	95.9596	473	97	82.9825
AB091355.1	AB755592.1	594	594	591	570	99.4949	95.9596	477	93	83.6842
AB091355.1	AB755593.1	594	594	591	570	99.4949	95.9596	478	92	83.8596
AB091355.1	AB755594.1	594	594	591	570	99.4949	95.9596	477	93	83.6842
AB091355.1	AB755595.1	594	594	591	570	99.4949	95.9596	479	91	84.0351
AB091355.1	AB755596.1	594	594	591	570	99.4949	95.9596	480	90	84.2105
AB091355.1	AB755597.1	594	594	591	585	99.4949	98.4848	484	101	82.735
AB091355.1	AB755598.1	594	594	591	570	99.4949	95.9596	472	98	82.807
AB091356.1	AB091357.1	594	594	591	591	99.4949	99.4949	575	16	97.2927
AB091356.1	AB091358.1	594	594	591	591	99.4949	99.4949	517	74	87.4788
AB091356.1	AB091359.1	594	594	591	591	99.4949	99.4949	551	40	93.2318
AB091356.1	AB091726.1	594	594	591	591	99.4949	99.4949	581	10	98.308
AB091356.1	AB091727.1	594	594	591	591	99.4949	99.4949	504	87	85.2792
AB091356.1	AB573078.1	594	594	591	594	99.4949	100.0	515	76	87.1404
AB091356.1	AB573086.1	594	594	591	594	99.4949	100.0	517	74	87.4788
AB091356.1	AB714268.1	594	594	591	594	99.4949	100.0	547	44	92.555
AB091356.1	AB741659.1	594	594	591	594	99.4949	100.0	554	37	93.7394
AB091356.1	AB748607.1	594	594	591	563	99.4949	94.7811	488	75	86.6785
AB091356.1	AB748608.1	594	594	591	563	99.4949	94.7811	488	75	86.6785
AB091356.1	AB748609.1	594	594	591	563	99.4949	94.7811	488	75	86.6785
AB091356.1	AB748610.1	594	594	591	567	99.4949	95.4545	490	77	86.4198
AB091356.1	AB748611.1	594	594	591	594	99.4949	100.0	514	77	86.9712
AB091356.1	AB755583.1	594	594	591	570	99.4949	95.9596	481	89	84.386
AB091356.1	AB755584.1	594	594	591	570	99.4949	95.9596	487	83	85.4386
AB091356.1	AB755585.1	594	594	591	570	99.4949	95.9596	488	82	85.614
AB091356.1	AB755586.1	594	594	591	570	99.4949	95.9596	484	86	84.9123
AB091356.1	AB755587.1	594	594	591	570	99.4949	95.9596	483	87	84.7368
AB091356.1	AB755588.1	594	594	591	570	99.4949	95.9596	487	83	85.4386
AB091356.1	AB755589.1	594	594	591	585	99.4949	98.4848	500	85	85.4701
AB091356.1	AB755590.1	594	594	591	570	99.4949	95.9596	487	83	85.4386
AB091356.1	AB755591.1	594	594	591	570	99.4949	95.9596	482	88	84.5614
AB091356.1	AB755592.1	594	594	591	570	99.4949	95.9596	483	87	84.7368
AB091356.1	AB755593.1	594	594	591	570	99.4949	95.9596	484	86	84.9123
AB091356.1	AB755594.1	594	594	591	570	99.4949	95.9596	483	87	84.7368
AB091356.1	AB755595.1	594	594	591	570	99.4949	95.9596	487	83	85.4386
AB091356.1	AB755596.1	594	594	591	570	99.4949	95.9596	488	82	85.614
AB091356.1	AB755597.1	594	594	591	585	99.4949	98.4848	492	93	84.1026
AB091356.1	AB755598.1	594	594	591	570	99.4949	95.9596	479	91	84.0351
AB091357.1	AB091358.1	594	594	591	591	99.4949	99.4949	515	76	87.1404
AB091357.1	AB091359.1	594	594	591	591	99.4949	99.4949	551	40	93.2318
AB091357.1	AB091726.1	594	594	591	591	99.4949	99.4949	575	16	97.2927
AB091357.1	AB091727.1	594	594	591	591	99.4949	99.4949	500	91	84.6024
AB091357.1	AB573078.1	594	594	591	594	99.4949	100.0	511	80	86.4636
AB091357.1	AB573086.1	594	594	591	594	99.4949	100.0	513	78	86.802
AB091357.1	AB714268.1	594	594	591	594	99.4949	100.0	547	44	92.555
AB091357.1	AB741659.1	594	594	591	594	99.4949	100.0	552	39	93.401
AB091357.1	AB748607.1	594	594	591	563	99.4949	94.7811	485	78	86.1456
AB091357.1	AB748608.1	594	594	591	563	99.4949	94.7811	485	78	86.1456
AB091357.1	AB748609.1	594	594	591	563	99.4949	94.7811	485	78	86.1456
AB091357.1	AB748610.1	594	594	591	567	99.4949	95.4545	490	77	86.4198
AB091357.1	AB748611.1	594	594	591	594	99.4949	100.0	511	80	86.4636
AB091357.1	AB755583.1	594	594	591	570	99.4949	95.9596	475	95	83.3333
AB091357.1	AB755584.1	594	594	591	570	99.4949	95.9596	483	87	84.7368
AB091357.1	AB755585.1	594	594	591	570	99.4949	95.9596	484	86	84.9123
AB091357.1	AB755586.1	594	594	591	570	99.4949	95.9596	480	90	84.2105
AB091357.1	AB755587.1	594	594	591	570	99.4949	95.9596	479	91	84.0351
AB091357.1	AB755588.1	594	594	591	570	99.4949	95.9596	483	87	84.7368
AB091357.1	AB755589.1	594	594	591	585	99.4949	98.4848	496	89	84.7863
AB091357.1	AB755590.1	594	594	591	570	99.4949	95.9596	483	87	84.7368
AB091357.1	AB755591.1	594	594	591	570	99.4949	95.9596	476	94	83.5088
AB091357.1	AB755592.1	594	594	591	570	99.4949	95.9596	479	91	84.0351
AB091357.1	AB755593.1	594	594	591	570	99.4949	95.9596	480	90	84.2105
AB091357.1	AB755594.1	594	594	591	570	99.4949	95.9596	479	91	84.0351
AB091357.1	AB755595.1	594	594	591	570	99.4949	95.9596	483	87	84.7368
AB091357.1	AB755596.1	594	594	591	570	99.4949	95.9596	484	86	84.9123
AB091357.1	AB755597.1	594	594	591	585	99.4949	98.4848	486	99	83.0769
AB091357.1	AB755598.1	594	594	591	570	99.4949	95.9596	473	97	82.9825
AB091358.1	AB091359.1	594	594	591	591	99.4949	99.4949	519	72	87.8173
AB091358.1	AB091726.1	594	594	591	591	99.4949	99.4949	517	74	87.4788
AB091358.1	AB091727.1	594	594	591	591	99.4949	99.4949	503	88	85.11
AB091358.1	AB573078.1	594	594	591	594	99.4949	100.0	553	38	93.5702
AB091358.1	AB573086.1	594	594	591	594	99.4949	100.0	554	37	93.7394
AB091358.1	AB714268.1	594	594	591	594	99.4949	100.0	526	65	89.0017
AB091358.1	AB741659.1	594	594	591	594	99.4949	100.0	529	62	89.5093
AB091358.1	AB748607.1	594	594	591	563	99.4949	94.7811	529	34	93.9609
AB091358.1	AB748608.1	594	594	591	563	99.4949	94.7811	529	34	93.9609
AB091358.1	AB748609.1	594	594	591	563	99.4949	94.7811	529	34	93.9609
AB091358.1	AB748610.1	594	594	591	567	99.4949	95.4545	537	30	94.709
AB091358.1	AB748611.1	594	594	591	594	99.4949	100.0	556	35	94.0778
AB091358.1	AB755583.1	594	594	591	570	99.4949	95.9596	475	95	83.3333
AB091358.1	AB755584.1	594	594	591	570	99.4949	95.9596	486	84	85.2632
AB091358.1	AB755585.1	594	594	591	570	99.4949	95.9596	485	85	85.0877
AB091358.1	AB755586.1	594	594	591	570	99.4949	95.9596	483	87	84.7368
AB091358.1	AB755587.1	594	594	591	570	99.4949	95.9596	482	88	84.5614
AB091358.1	AB755588.1	594	594	591	570	99.4949	95.9596	486	84	85.2632
AB091358.1	AB755589.1	594	594	591	585	99.4949	98.4848	500	85	85.4701
AB091358.1	AB755590.1	594	594	591	570	99.4949	95.9596	486	84	85.2632
AB091358.1	AB755591.1	594	594	591	570	99.4949	95.9596	476	94	83.5088
AB091358.1	AB755592.1	594	594	591	570	99.4949	95.9596	482	88	84.5614
AB091358.1	AB755593.1	594	594	591	570	99.4949	95.9596	483	87	84.7368
AB091358.1	AB755594.1	594	594	591	570	99.4949	95.9596	482	88	84.5614
AB091358.1	AB755595.1	594	594	591	570	99.4949	95.9596	486	84	85.2632
AB091358.1	AB755596.1	594	594	591	570	99.4949	95.9596	487	83	85.4386
AB091358.1	AB755597.1	594	594	591	585	99.4949	98.4848	489	96	83.5897
AB091358.1	AB755598.1	594	594	591	570	99.4949	95.9596	475	95	83.3333
AB091359.1	AB091726.1	594	594	591	591	99.4949	99.4949	555	36	93.9086
AB091359.1	AB091727.1	594	594	591	591	99.4949	99.4949	496	95	83.9255
AB091359.1	AB573078.1	594	594	591	594	99.4949	100.0	514	77	86.9712
AB091359.1	AB573086.1	594	594	591	594	99.4949	100.0	514	77	86.9712
AB091359.1	AB714268.1	594	594	591	594	99.4949	100.0	578	13	97.8003
AB091359.1	AB741659.1	594	594	591	594	99.4949	100.0	576	15	97.4619
AB091359.1	AB748607.1	594	594	591	563	99.4949	94.7811	492	71	87.389
AB091359.1	AB748608.1	594	594	591	563	99.4949	94.7811	492	71	87.389
AB091359.1	AB748609.1	594	594	591	563	99.4949	94.7811	492	71	87.389
AB091359.1	AB748610.1	594	594	591	567	99.4949	95.4545	495	72	87.3016
AB091359.1	AB748611.1	594	594	591	594	99.4949	100.0	516	75	87.3096
AB091359.1	AB755583.1	594	594	591	570	99.4949	95.9596	472	98	82.807
AB091359.1	AB755584.1	594	594	591	570	99.4949	95.9596	479	91	84.0351
AB091359.1	AB755585.1	594	594	591	570	99.4949	95.9596	478	92	83.8596
AB091359.1	AB755586.1	594	594	591	570	99.4949	95.9596	478	92	83.8596
AB091359.1	AB755587.1	594	594	591	570	99.4949	95.9596	477	93	83.6842
AB091359.1	AB755588.1	594	594	591	570	99.4949	95.9596	479	91	84.0351
AB091359.1	AB755589.1	594	594	591	585	99.4949	98.4848	491	94	83.9316
AB091359.1	AB755590.1	594	594	591	570	99.4949	95.9596	479	91	84.0351
AB091359.1	AB755591.1	594	594	591	570	99.4949	95.9596	473	97	82.9825
AB091359.1	AB755592.1	594	594	591	570	99.4949	95.9596	477	93	83.6842
AB091359.1	AB755593.1	594	594	591	570	99.4949	95.9596	478	92	83.8596
AB091359.1	AB755594.1	594	594	591	570	99.4949	95.9596	477	93	83.6842
AB091359.1	AB755595.1	594	594	591	570	99.4949	95.9596	479	91	84.0351
AB091359.1	AB755596.1	594	594	591	570	99.4949	95.9596	480	90	84.2105
AB091359.1	AB755597.1	594	594	591	585	99.4949	98.4848	484	101	82.735
AB091359.1	AB755598.1	594	594	591	570	99.4949	95.9596	472	98	82.807
AB091726.1	AB091727.1	594	594	591	591	99.4949	99.4949	500	91	84.6024
AB091726.1	AB573078.1	594	594	591	594	99.4949	100.0	513	78	86.802
AB091726.1	AB573086.1	594	594	591	594	99.4949	100.0	513	78	86.802
AB091726.1	AB714268.1	594	594	591	594	99.4949	100.0	551	40	93.2318
AB091726.1	AB741659.1	594	594	591	594	99.4949	100.0	556	35	94.0778
AB091726.1	AB748607.1	594	594	591	563	99.4949	94.7811	486	77	86.3233
AB091726.1	AB748608.1	594	594	591	563	99.4949	94.7811	486	77	86.3233
AB091726.1	AB748609.1	594	594	591	563	99.4949	94.7811	486	77	86.3233
AB091726.1	AB748610.1	594	594	591	567	99.4949	95.4545	488	79	86.067
AB091726.1	AB748611.1	594	594	591	594	99.4949	100.0	512	79	86.6328
AB091726.1	AB755583.1	594	594	591	570	99.4949	95.9596	473	97	82.9825
AB091726.1	AB755584.1	594	594	591	570	99.4949	95.9596	483	87	84.7368
AB091726.1	AB755585.1	594	594	591	570	99.4949	95.9596	482	88	84.5614
AB091726.1	AB755586.1	594	594	591	570	99.4949	95.9596	480	90	84.2105
AB091726.1	AB755587.1	594	594	591	570	99.4949	95.9596	479	91	84.0351
AB091726.1	AB755588.1	594	594	591	570	99.4949	95.9596	483	87	84.7368
AB091726.1	AB755589.1	594	594	591	585	99.4949	98.4848	496	89	84.7863
AB091726.1	AB755590.1	594	594	591	570	99.4949	95.9596	483	87	84.7368
AB091726.1	AB755591.1	594	594	591	570	99.4949	95.9596	474	96	83.1579
AB091726.1	AB755592.1	594	594	591	570	99.4949	95.9596	479	91	84.0351
AB091726.1	AB755593.1	594	594	591	570	99.4949	95.9596	480	90	84.2105
AB091726.1	AB755594.1	594	594	591	570	99.4949	95.9596	479	91	84.0351
AB091726.1	AB755595.1	594	594	591	570	99.4949	95.9596	483	87	84.7368
AB091726.1	AB755596.1	594	594	591	570	99.4949	95.9596	484	86	84.9123
AB091726.1	AB755597.1	594	594	591	585	99.4949	98.4848	486	99	83.0769
AB091726.1	AB755598.1	594	594	591	570	99.4949	95.9596	473	97	82.9825
AB091727.1	AB573078.1	594	594	591	594	99.4949	100.0	509	82	86.1252
AB091727.1	AB573086.1	594	594	591	594	99.4949	100.0	505	86	85.4484
AB091727.1	AB714268.1	594	594	591	594	99.4949	100.0	499	92	84.4332
AB091727.1	AB741659.1	594	594	591	594	99.4949	100.0	501	90	84.7716
AB091727.1	AB748607.1	594	594	591	563	99.4949	94.7811	482	81	85.6128
AB091727.1	AB748608.1	594	594	591	563	99.4949	94.7811	482	81	85.6128
AB091727.1	AB748609.1	594	594	591	563	99.4949	94.7811	482	81	85.6128
AB091727.1	AB748610.1	594	594	591	567	99.4949	95.4545	482	85	85.0088
AB091727.1	AB748611.1	594	594	591	594	99.4949	100.0	507	84	85.7868
AB091727.1	AB755583.1	594	594	591	570	99.4949	95.9596	554	16	97.193
AB091727.1	AB755584.1	594	594	591	570	99.4949	95.9596	563	7	98.7719
AB091727.1	AB755585.1	594	594	591	570	99.4949	95.9596	559	11	98.0702
AB091727.1	AB755586.1	594	594	591	570	99.4949	95.9596	557	13	97.7193
AB091727.1	AB755587.1	594	594	591	570	99.4949	95.9596	556	14	97.5439
AB091727.1	AB755588.1	594	594	591	570	99.4949	95.9596	562	8	98.5965
AB091727.1	AB755589.1	594	594	591	585	99.4949	98.4848	577	8	98.6325
AB091727.1	AB755590.1	594	594	591	570	99.4949	95.9596	561	9	98.4211
AB091727.1	AB755591.1	594	594	591	570	99.4949	95.9596	555	15	97.3684
AB091727.1	AB755592.1	594	594	591	570	99.4949	95.9596	556	14	97.5439
AB091727.1	AB755593.1	594	594	591	570	99.4949	95.9596	557	13	97.7193
AB091727.1	AB755594.1	594	594	591	570	99.4949	95.9596	556	14	97.5439
AB091727.1	AB755595.1	594	594	591	570	99.4949	95.9596	560	10	98.2456
AB091727.1	AB755596.1	594	594	591	570	99.4949	95.9596	561	9	98.4211
AB091727.1	AB755597.1	594	594	591	585	99.4949	98.4848	568	17	97.094
AB091727.1	AB755598.1	594	594	591	570	99.4949	95.9596	552	18	96.8421
AB573078.1	AB573086.1	594	594	594	594	100.0	100.0	570	24	95.9596
AB573078.1	AB714268.1	594	594	594	594	100.0	100.0	522	72	87.8788
AB573078.1	AB741659.1	594	594	594	594	100.0	100.0	529	65	89.0572
AB573078.1	AB748607.1	594	594	594	563	100.0	94.7811	539	24	95.7371
AB573078.1	AB748608.1	594	594	594	563	100.0	94.7811	539	24	95.7371
AB573078.1	AB748609.1	594	594	594	563	100.0	94.7811	539	24	95.7371
AB573078.1	AB748610.1	594	594	594	567	100.0	95.4545	541	26	95.4145
AB573078.1	AB748611.1	594	594	594	594	100.0	100.0	569	25	95.7912
AB573078.1	AB755583.1	594	594	594	570	100.0	95.9596	483	87	84.7368
AB573078.1	AB755584.1	594	594	594	570	100.0	95.9596	491	79	86.1404
AB573078.1	AB755585.1	594	594	594	570	100.0	95.9596	490	80	85.9649
AB573078.1	AB755586.1	594	594	594	570	100.0	95.9596	488	82	85.614
AB573078.1	AB755587.1	594	594	594	570	100.0	95.9596	487	83	85.4386
AB573078.1	AB755588.1	594	594	594	570	100.0	95.9596	491	79	86.1404
AB573078.1	AB755589.1	594	594	594	585	100.0	98.4848	505	80	86.3248
AB573078.1	AB755590.1	594	594	594	570	100.0	95.9596	491	79	86.1404
AB573078.1	AB755591.1	594	594	594	570	100.0	95.9596	484	86	84.9123
AB573078.1	AB755592.1	594	594	594	570	100.0	95.9596	487	83	85.4386
AB573078.1	AB755593.1	594	594	594	570	100.0	95.9596	488	82	85.614
AB573078.1	AB755594.1	594	594	594	570	100.0	95.9596	487	83	85.4386
AB573078.1	AB755595.1	594	594	594	570	100.0	95.9596	491	79	86.1404
AB573078.1	AB755596.1	594	594	594	570	100.0	95.9596	492	78	86.3158
AB573078.1	AB755597.1	594	594	594	585	100.0	98.4848	495	90	84.6154
AB573078.1	AB755598.1	594	594	594	570	100.0	95.9596	481	89	84.386
AB573086.1	AB714268.1	594	594	594	594	100.0	100.0	521	73	87.7104
AB573086.1	AB741659.1	594	594	594	594	100.0	100.0	526	68	88.5522
AB573086.1	AB748607.1	594	594	594	563	100.0	94.7811	546	17	96.9805
AB573086.1	AB748608.1	594	594	594	563	100.0	94.7811	546	17	96.9805
AB573086.1	AB748609.1	594	594	594	563	100.0	94.7811	546	17	96.9805
AB573086.1	AB748610.1	594	594	594	567	100.0	95.4545	549	18	96.8254
AB573086.1	AB748611.1	594	594	594	594	100.0	100.0	576	18	96.9697
AB573086.1	AB755583.1	594	594	594	570	100.0	95.9596	481	89	84.386
AB573086.1	AB755584.1	594	594	594	570	100.0	95.9596	489	81	85.7895
AB573086.1	AB755585.1	594	594	594	570	100.0	95.9596	490	80	85.9649
AB573086.1	AB755586.1	594	594	594	570	100.0	95.9596	486	84	85.2632
AB573086.1	AB755587.1	594	594	594	570	100.0	95.9596	485	85	85.0877
AB573086.1	AB755588.1	594	594	594	570	100.0	95.9596	489	81	85.7895
AB573086.1	AB755589.1	594	594	594	585	100.0	98.4848	503	82	85.9829
AB573086.1	AB755590.1	594	594	594	570	100.0	95.9596	489	81	85.7895
AB573086.1	AB755591.1	594	594	594	570	100.0	95.9596	482	88	84.5614
AB573086.1	AB755592.1	594	594	594	570	100.0	95.9596	485	85	85.0877
AB573086.1	AB755593.1	594	594	594	570	100.0	95.9596	486	84	85.2632
AB573086.1	AB755594.1	594	594	594	570	100.0	95.9596	485	85	85.0877
AB573086.1	AB755595.1	594	594	594	570	100.0	95.9596	489	81	85.7895
AB573086.1	AB755596.1	594	594	594	570	100.0	95.9596	490	80	85.9649
AB573086.1	AB755597.1	594	594	594	585	100.0	98.4848	494	91	84.4444
AB573086.1	AB755598.1	594	594	594	570	100.0	95.9596	480	90	84.2105
AB714268.1	AB741659.1	594	594	594	594	100.0	100.0	580	14	97.6431
AB714268.1	AB748607.1	594	594	594	563	100.0	94.7811	496	67	88.0995
AB714268.1	AB748608.1	594	594	594	563	100.0	94.7811	496	67	88.0995
AB714268.1	AB748609.1	594	594	594	563	100.0	94.7811	496	67	88.0995
AB714268.1	AB748610.1	594	594	594	567	100.0	95.4545	499	68	88.0071
AB714268.1	AB748611.1	594	594	594	594	100.0	100.0	523	71	88.0471
AB714268.1	AB755583.1	594	594	594	570	100.0	95.9596	473	97	82.9825
AB714268.1	AB755584.1	594	594	594	570	100.0	95.9596	483	87	84.7368
AB714268.1	AB755585.1	594	594	594	570	100.0	95.9596	482	88	84.5614
AB714268.1	AB755586.1	594	594	594	570	100.0	95.9596	480	90	84.2105
AB714268.1	AB755587.1	594	594	594	570	100.0	95.9596	479	91	84.0351
AB714268.1	AB755588.1	594	594	594	570	100.0	95.9596	483	87	84.7368
AB714268.1	AB755589.1	594	594	594	585	100.0	98.4848	495	90	84.6154
AB714268.1	AB755590.1	594	594	594	570	100.0	95.9596	483	87	84.7368
AB714268.1	AB755591.1	594	594	594	570	100.0	95.9596	474	96	83.1579
AB714268.1	AB755592.1	594	594	594	570	100.0	95.9596	479	91	84.0351
AB714268.1	AB755593.1	594	594	594	570	100.0	95.9596	480	90	84.2105
AB714268.1	AB755594.1	594	594	594	570	100.0	95.9596	479	91	84.0351
AB714268.1	AB755595.1	594	594	594	570	100.0	95.9596	483	87	84.7368
AB714268.1	AB755596.1	594	594	594	570	100.0	95.9596	484	86	84.9123
AB714268.1	AB755597.1	594	594	594	585	100.0	98.4848	485	100	82.906
AB714268.1	AB755598.1	594	594	594	570	100.0	95.9596	473	97	82.9825
AB741659.1	AB748607.1	594	594	594	563	100.0	94.7811	501	62	88.9876
AB741659.1	AB748608.1	594	594	594	563	100.0	94.7811	501	62	88.9876
AB741659.1	AB748609.1	594	594	594	563	100.0	94.7811	501	62	88.9876
AB741659.1	AB748610.1	594	594	594	567	100.0	95.4545	503	64	88.7125
AB741659.1	AB748611.1	594	594	594	594	100.0	100.0	529	65	89.0572
AB741659.1	AB755583.1	594	594	594	570	100.0	95.9596	475	95	83.3333
AB741659.1	AB755584.1	594	594	594	570	100.0	95.9596	485	85	85.0877
AB741659.1	AB755585.1	594	594	594	570	100.0	95.9596	484	86	84.9123
AB741659.1	AB755586.1	594	594	594	570	100.0	95.9596	484	86	84.9123
AB741659.1	AB755587.1	594	594	594	570	100.0	95.9596	483	87	84.7368
AB741659.1	AB755588.1	594	594	594	570	100.0	95.9596	485	85	85.0877
AB741659.1	AB755589.1	594	594	594	585	100.0	98.4848	497	88	84.9573
AB741659.1	AB755590.1	594	594	594	570	100.0	95.9596	485	85	85.0877
AB741659.1	AB755591.1	594	594	594	570	100.0	95.9596	476	94	83.5088
AB741659.1	AB755592.1	594	594	594	570	100.0	95.9596	483	87	84.7368
AB741659.1	AB755593.1	594	594	594	570	100.0	95.9596	484	86	84.9123
AB741659.1	AB755594.1	594	594	594	570	100.0	95.9596	483	87	84.7368
AB741659.1	AB755595.1	594	594	594	570	100.0	95.9596	485	85	85.0877
AB741659.1	AB755596.1	594	594	594	570	100.0	95.9596	486	84	85.2632
AB741659.1	AB755597.1	594	594	594	585	100.0	98.4848	487	98	83.2479
AB741659.1	AB755598.1	594	594	594	570	100.0	95.9596	475	95	83.3333
AB748607.1	AB748608.1	594	594	563	563	94.7811	94.7811	563	0	100.0
AB748607.1	AB748609.1	594	594	563	563	94.7811	94.7811	563	0	100.0
AB748607.1	AB748610.1	594	594	563	567	94.7811	95.4545	549	14	97.5133
AB748607.1	AB748611.1	594	594	563	594	94.7811	100.0	562	1	99.8224
AB748607.1	AB755583.1	594	594	563	570	94.7811	95.9596	475	88	84.3694
AB748607.1	AB755584.1	594	594	563	570	94.7811	95.9596	483	80	85.7904
AB748607.1	AB755585.1	594	594	563	570	94.7811	95.9596	480	83	85.2575
AB748607.1	AB755586.1	594	594	563	570	94.7811	95.9596	478	85	84.9023
AB748607.1	AB755587.1	594	594	563	570	94.7811	95.9596	477	86	84.7247
AB748607.1	AB755588.1	594	594	563	570	94.7811	95.9596	483	80	85.7904
AB748607.1	AB755589.1	594	594	563	585	94.7811	98.4848	483	80	85.7904
AB748607.1	AB755590.1	594	594	563	570	94.7811	95.9596	483	80	85.7904
AB748607.1	AB755591.1	594	594	563	570	94.7811	95.9596	476	87	84.5471
AB748607.1	AB755592.1	594	594	563	570	94.7811	95.9596	477	86	84.7247
AB748607.1	AB755593.1	594	594	563	570	94.7811	95.9596	478	85	84.9023
AB748607.1	AB755594.1	594	594	563	570	94.7811	95.9596	477	86	84.7247
AB748607.1	AB755595.1	594	594	563	570	94.7811	95.9596	481	82	85.4352
AB748607.1	AB755596.1	594	594	563	570	94.7811	95.9596	482	81	85.6128
AB748607.1	AB755597.1	594	594	563	585	94.7811	98.4848	474	89	84.1918
AB748607.1	AB755598.1	594	594	563	570	94.7811	95.9596	473	90	84.0142
AB748608.1	AB748609.1	594	594	563	563	94.7811	94.7811	563	0	100.0
AB748608.1	AB748610.1	594	594	563	567	94.7811	95.4545	549	14	97.5133
AB748608.1	AB748611.1	594	594	563	594	94.7811	100.0	562	1	99.8224
AB748608.1	AB755583.1	594	594	563	570	94.7811	95.9596	475	88	84.3694
AB748608.1	AB755584.1	594	594	563	570	94.7811	95.9596	483	80	85.7904
AB748608.1	AB755585.1	594	594	563	570	94.7811	95.9596	480	83	85.2575
AB748608.1	AB755586.1	594	594	563	570	94.7811	95.9596	478	85	84.9023
AB748608.1	AB755587.1	594	594	563	570	94.7811	95.9596	477	86	84.7247
AB748608.1	AB755588.1	594	594	563	570	94.7811	95.9596	483	80	85.7904
AB748608.1	AB755589.1	594	594	563	585	94.7811	98.4848	483	80	85.7904
AB748608.1	AB755590.1	594	594	563	570	94.7811	95.9596	483	80	85.7904
AB748608.1	AB755591.1	594	594	563	570	94.7811	95.9596	476	87	84.5471
AB748608.1	AB755592.1	594	594	563	570	94.7811	95.9596	477	86	84.7247
AB748608.1	AB755593.1	594	594	563	570	94.7811	95.9596	478	85	84.9023
AB748608.1	AB755594.1	594	594	563	570	94.7811	95.9596	477	86	84.7247
AB748608.1	AB755595.1	594	594	563	570	94.7811	95.9596	481	82	85.4352
AB748608.1	AB755596.1	594	594	563	570	94.7811	95.9596	482	81	85.6128
AB748608.1	AB755597.1	594	594	563	585	94.7811	98.4848	474	89	84.1918
AB748608.1	AB755598.1	594	594	563	570	94.7811	95.9596	473	90	84.0142
AB748609.1	AB748610.1	594	594	563	567	94.7811	95.4545	549	14	97.5133
AB748609.1	AB748611.1	594	594	563	594	94.7811	100.0	562	1	99.8224
AB748609.1	AB755583.1	594	594	563	570	94.7811	95.9596	475	88	84.3694
AB748609.1	AB755584.1	594	594	563	570	94.7811	95.9596	483	80	85.7904
AB748609.1	AB755585.1	594	594	563	570	94.7811	95.9596	480	83	85.2575
AB748609.1	AB755586.1	594	594	563	570	94.7811	95.9596	478	85	84.9023
AB748609.1	AB755587.1	594	594	563	570	94.7811	95.9596	477	86	84.7247
AB748609.1	AB755588.1	594	594	563	570	94.7811	95.9596	483	80	85.7904
AB748609.1	AB755589.1	594	594	563	585	94.7811	98.4848	483	80	85.7904
AB748609.1	AB755590.1	594	594	563	570	94.7811	95.9596	483	80	85.7904
AB748609.1	AB755591.1	594	594	563	570	94.7811	95.9596	476	87	84.5471
AB748609.1	AB755592.1	594	594	563	570	94.7811	95.9596	477	86	84.7247
AB748609.1	AB755593.1	594	594	563	570	94.7811	95.9596	478	85	84.9023
AB748609.1	AB755594.1	594	594	563	570	94.7811	95.9596	477	86	84.7247
AB748609.1	AB755595.1	594	594	563	570	94.7811	95.9596	481	82	85.4352
AB748609.1	AB755596.1	594	594	563	570	94.7811	95.9596	482	81	85.6128
AB748609.1	AB755597.1	594	594	563	585	94.7811	98.4848	474	89	84.1918
AB748609.1	AB755598.1	594	594	563	570	94.7811	95.9596	473	90	84.0142
AB748610.1	AB748611.1	594	594	567	594	95.4545	100.0	552	15	97.3545
AB748610.1	AB755583.1	594	594	567	570	95.4545	95.9596	475	92	83.7743
AB748610.1	AB755584.1	594	594	567	570	95.4545	95.9596	484	83	85.3616
AB748610.1	AB755585.1	594	594	567	570	95.4545	95.9596	483	84	85.1852
AB748610.1	AB755586.1	594	594	567	570	95.4545	95.9596	481	86	84.8325
AB748610.1	AB755587.1	594	594	567	570	95.4545	95.9596	480	87	84.6561
AB748610.1	AB755588.1	594	594	567	570	95.4545	95.9596	484	83	85.3616
AB748610.1	AB755589.1	594	594	567	585	95.4545	98.4848	484	83	85.3616
AB748610.1	AB755590.1	594	594	567	570	95.4545	95.9596	484	83	85.3616
AB748610.1	AB755591.1	594	594	567	570	95.4545	95.9596	476	91	83.9506
AB748610.1	AB755592.1	594	594	567	570	95.4545	95.9596	480	87	84.6561
AB748610.1	AB755593.1	594	594	567	570	95.4545	95.9596	481	86	84.8325
AB748610.1	AB755594.1	594	594	567	570	95.4545	95.9596	480	87	84.6561
AB748610.1	AB755595.1	594	594	567	570	95.4545	95.9596	484	83	85.3616
AB748610.1	AB755596.1	594	594	567	570	95.4545	95.9596	485	82	85.5379
AB748610.1	AB755597.1	594	594	567	585	95.4545	98.4848	476	91	83.9506
AB748610.1	AB755598.1	594	594	567	570	95.4545	95.9596	475	92	83.7743
AB748611.1	AB755583.1	594	594	594	570	100.0	95.9596	481	89	84.386
AB748611.1	AB755584.1	594	594	594	570	100.0	95.9596	489	81	85.7895
AB748611.1	AB755585.1	594	594	594	570	100.0	95.9596	486	84	85.2632
AB748611.1	AB755586.1	594	594	594	570	100.0	95.9596	484	86	84.9123
AB748611.1	AB755587.1	594	594	594	570	100.0	95.9596	483	87	84.7368
AB748611.1	AB755588.1	594	594	594	570	100.0	95.9596	489	81	85.7895
AB748611.1	AB755589.1	594	594	594	585	100.0	98.4848	503	82	85.9829
AB748611.1	AB755590.1	594	594	594	570	100.0	95.9596	489	81	85.7895
AB748611.1	AB755591.1	594	594	594	570	100.0	95.9596	482	88	84.5614
AB748611.1	AB755592.1	594	594	594	570	100.0	95.9596	483	87	84.7368
AB748611.1	AB755593.1	594	594	594	570	100.0	95.9596	484	86	84.9123
AB748611.1	AB755594.1	594	594	594	570	100.0	95.9596	483	87	84.7368
AB748611.1	AB755595.1	594	594	594	570	100.0	95.9596	487	83	85.4386
AB748611.1	AB755596.1	594	594	594	570	100.0	95.9596	488	82	85.614
AB748611.1	AB755597.1	594	594	594	585	100.0	98.4848	493	92	84.2735
AB748611.1	AB755598.1	594	594	594	570	100.0	95.9596	479	91	84.0351
AB755583.1	AB755584.1	594	594	570	570	95.9596	95.9596	551	19	96.6667
AB755583.1	AB755585.1	594	594	570	570	95.9596	95.9596	549	21	96.3158
AB755583.1	AB755586.1	594	594	570	570	95.9596	95.9596	545	25	95.614
AB755583.1	AB755587.1	594	594	570	570	95.9596	95.9596	544	26	95.4386
AB755583.1	AB755588.1	594	594	570	570	95.9596	95.9596	550	20	96.4912
AB755583.1	AB755589.1	594	594	570	585	95.9596	98.4848	551	19	96.6667
AB755583.1	AB755590.1	594	594	570	570	95.9596	95.9596	549	21	96.3158
AB755583.1	AB755591.1	594	594	570	570	95.9596	95.9596	569	1	99.8246
AB755583.1	AB755592.1	594	594	570	570	95.9596	95.9596	544	26	95.4386
AB755583.1	AB755593.1	594	594	570	570	95.9596	95.9596	545	25	95.614
AB755583.1	AB755594.1	594	594	570	570	95.9596	95.9596	544	26	95.4386
AB755583.1	AB755595.1	594	594	570	570	95.9596	95.9596	546	24	95.7895
AB755583.1	AB755596.1	594	594	570	570	95.9596	95.9596	547	23	95.9649
AB755583.1	AB755597.1	594	594	570	585	95.9596	98.4848	565	5	99.1228
AB755583.1	AB755598.1	594	594	570	570	95.9596	95.9596	564	6	98.9474
AB755584.1	AB755585.1	594	594	570	570	95.9596	95.9596	566	4	99.2982
AB755584.1	AB755586.1	594	594	570	570	95.9596	95.9596	560	10	98.2456
AB755584.1	AB755587.1	594	594	570	570	95.9596	95.9596	559	11	98.0702
AB755584.1	AB755588.1	594	594	570	570	95.9596	95.9596	569	1	99.8246
AB755584.1	AB755589.1	594	594	570	585	95.9596	98.4848	570	0	100.0
AB755584.1	AB755590.1	594	594	570	570	95.9596	95.9596	568	2	99.6491
AB755584.1	AB755591.1	594	594	570	570	95.9596	95.9596	552	18	96.8421
AB755584.1	AB755592.1	594	594	570	570	95.9596	95.9596	559	11	98.0702
AB755584.1	AB755593.1	594	594	570	570	95.9596	95.9596	560	10	98.2456
AB755584.1	AB755594.1	594	594	570	570	95.9596	95.9596	559	11	98.0702
AB755584.1	AB755595.1	594	594	570	570	95.9596	95.9596	563	7	98.7719
AB755584.1	AB755596.1	594	594	570	570	95.9596	95.9596	564	6	98.9474
AB755584.1	AB755597.1	594	594	570	585	95.9596	98.4848	551	19	96.6667
AB755584.1	AB755598.1	594	594	570	570	95.9596	95.9596	550	20	96.4912
AB755585.1	AB755586.1	594	594	570	570	95.9596	95.9596	558	12	97.8947
AB755585.1	AB755587.1	594	594	570	570	95.9596	95.9596	557	13	97.7193
AB755585.1	AB755588.1	594	594	570	570	95.9596	95.9596	567	3	99.4737
AB755585.1	AB755589.1	594	594	570	585	95.9596	98.4848	566	4	99.2982
AB755585.1	AB755590.1	594	594	570	570	95.9596	95.9596	564	6	98.9474
AB755585.1	AB755591.1	594	594	570	570	95.9596	95.9596	550	20	96.4912
AB755585.1	AB755592.1	594	594	570	570	95.9596	95.9596	557	13	97.7193
AB755585.1	AB755593.1	594	594	570	570	95.9596	95.9596	558	12	97.8947
AB755585.1	AB755594.1	594	594	570	570	95.9596	95.9596	557	13	97.7193
AB755585.1	AB755595.1	594	594	570	570	95.9596	95.9596	561	9	98.4211
AB755585.1	AB755596.1	594	594	570	570	95.9596	95.9596	562	8	98.5965
AB755585.1	AB755597.1	594	594	570	585	95.9596	98.4848	547	23	95.9649
AB755585.1	AB755598.1	594	594	570	570	95.9596	95.9596	546	24	95.7895
AB755586.1	AB755587.1	594	594	570	570	95.9596	95.9596	569	1	99.8246
AB755586.1	AB755588.1	594	594	570	570	95.9596	95.9596	559	11	98.0702
AB755586.1	AB755589.1	594	594	570	585	95.9596	98.4848	560	10	98.2456
AB755586.1	AB755590.1	594	594	570	570	95.9596	95.9596	558	12	97.8947
AB755586.1	AB755591.1	594	594	570	570	95.9596	95.9596	546	24	95.7895
AB755586.1	AB755592.1	594	594	570	570	95.9596	95.9596	569	1	99.8246
AB755586.1	AB755593.1	594	594	570	570	95.9596	95.9596	570	0	100.0
AB755586.1	AB755594.1	594	594	570	570	95.9596	95.9596	569	1	99.8246
AB755586.1	AB755595.1	594	594	570	570	95.9596	95.9596	561	9	98.4211
AB755586.1	AB755596.1	594	594	570	570	95.9596	95.9596	562	8	98.5965
AB755586.1	AB755597.1	594	594	570	585	95.9596	98.4848	545	25	95.614
AB755586.1	AB755598.1	594	594	570	570	95.9596	95.9596	544	26	95.4386
AB755587.1	AB755588.1	594	594	570	570	95.9596	95.9596	558	12	97.8947
AB755587.1	AB755589.1	594	594	570	585	95.9596	98.4848	559	11	98.0702
AB755587.1	AB755590.1	594	594	570	570	95.9596	95.9596	557	13	97.7193
AB755587.1	AB755591.1	594	594	570	570	95.9596	95.9596	545	25	95.614
AB755587.1	AB755592.1	594	594	570	570	95.9596	95.9596	568	2	99.6491
AB755587.1	AB755593.1	594	594	570	570	95.9596	95.9596	569	1	99.8246
AB755587.1	AB755594.1	594	594	570	570	95.9596	95.9596	568	2	99.6491
AB755587.1	AB755595.1	594	594	570	570	95.9596	95.9596	560	10	98.2456
AB755587.1	AB755596.1	594	594	570	570	95.9596	95.9596	561	9	98.4211
AB755587.1	AB755597.1	594	594	570	585	95.9596	98.4848	544	26	95.4386
AB755587.1	AB755598.1	594	594	570	570	95.9596	95.9596	543	27	95.2632
AB755588.1	AB755589.1	594	594	570	585	95.9596	98.4848	569	1	99.8246
AB755588.1	AB755590.1	594	594	570	570	95.9596	95.9596	567	3	99.4737
AB755588.1	AB755591.1	594	594	570	570	95.9596	95.9596	551	19	96.6667
AB755588.1	AB755592.1	594	594	570	570	95.9596	95.9596	558	12	97.8947
AB755588.1	AB755593.1	594	594	570	570	95.9596	95.9596	559	11	98.0702
AB755588.1	AB755594.1	594	594	570	570	95.9596	95.9596	558	12	97.8947
AB755588.1	AB755595.1	594	594	570	570	95.9596	95.9596	562	8	98.5965
AB755588.1	AB755596.1	594	594	570	570	95.9596	95.9596	563	7	98.7719
AB755588.1	AB755597.1	594	594	570	585	95.9596	98.4848	550	20	96.4912
AB755588.1	AB755598.1	594	594	570	570	95.9596	95.9596	549	21	96.3158
AB755589.1	AB755590.1	594	594	585	570	98.4848	95.9596	568	2	99.6491
AB755589.1	AB755591.1	594	594	585	570	98.4848	95.9596	552	18	96.8421
AB755589.1	AB755592.1	594	594	585	570	98.4848	95.9596	559	11	98.0702
AB755589.1	AB755593.1	594	594	585	570	98.4848	95.9596	560	10	98.2456
AB755589.1	AB755594.1	594	594	585	570	98.4848	95.9596	559	11	98.0702
AB755589.1	AB755595.1	594	594	585	570	98.4848	95.9596	563	7	98.7719
AB755589.1	AB755596.1	594	594	585	570	98.4848	95.9596	564	6	98.9474
AB755589.1	AB755597.1	594	594	585	585	98.4848	98.4848	565	20	96.5812
AB755589.1	AB755598.1	594	594	585	570	98.4848	95.9596	550	20	96.4912
AB755590.1	AB755591.1	594	594	570	570	95.9596	95.9596	550	20	96.4912
AB755590.1	AB755592.1	594	594	570	570	95.9596	95.9596	557	13	97.7193
AB755590.1	AB755593.1	594	594	570	570	95.9596	95.9596	558	12	97.8947
AB755590.1	AB755594.1	594	594	570	570	95.9596	95.9596	557	13	97.7193
AB755590.1	AB755595.1	594	594	570	570	95.9596	95.9596	561	9	98.4211
AB755590.1	AB755596.1	594	594	570	570	95.9596	95.9596	562	8	98.5965
AB755590.1	AB755597.1	594	594	570	585	95.9596	98.4848	549	21	96.3158
AB755590.1	AB755598.1	594	594	570	570	95.9596	95.9596	548	22	96.1404
AB755591.1	AB755592.1	594	594	570	570	95.9596	95.9596	545	25	95.614
AB755591.1	AB755593.1	594	594	570	570	95.9596	95.9596	546	24	95.7895
AB755591.1	AB755594.1	594	594	570	570	95.9596	95.9596	545	25	95.614
AB755591.1	AB755595.1	594	594	570	570	95.9596	95.9596	547	23	95.9649
AB755591.1	AB755596.1	594	594	570	570	95.9596	95.9596	548	22	96.1404
AB755591.1	AB755597.1	594	594	570	585	95.9596	98.4848	566	4	99.2982
AB755591.1	AB755598.1	594	594	570	570	95.9596	95.9596	565	5	99.1228
AB755592.1	AB755593.1	594	594	570	570	95.9596	95.9596	569	1	99.8246
AB755592.1	AB755594.1	594	594	570	570	95.9596	95.9596	570	0	100.0
AB755592.1	AB755595.1	594	594	570	570	95.9596	95.9596	560	10	98.2456
AB755592.1	AB755596.1	594	594	570	570	95.9596	95.9596	561	9	98.4211
AB755592.1	AB755597.1	594	594	570	585	95.9596	98.4848	544	26	95.4386
AB755592.1	AB755598.1	594	594	570	570	95.9596	95.9596	543	27	95.2632
AB755593.1	AB755594.1	594	594	570	570	95.9596	95.9596	569	1	99.8246
AB755593.1	AB755595.1	594	594	570	570	95.9596	95.9596	561	9	98.4211
AB755593.1	AB755596.1	594	594	570	570	95.9596	95.9596	562	8	98.5965
AB755593.1	AB755597.1	594	594	570	585	95.9596	98.4848	545	25	95.614
AB755593.1	AB755598.1	594	594	570	570	95.9596	95.9596	544	26	95.4386
AB755594.1	AB755595.1	594	594	570	570	95.9596	95.9596	560	10	98.2456
AB755594.1	AB755596.1	594	594	570	570	95.9596	95.9596	561	9	98.4211
AB755594.1	AB755597.1	594	594	570	585	95.9596	98.4848	544	26	95.4386
AB755594.1	AB755598.1	594	594	570	570	95.9596	95.9596	543	27	95.2632
AB755595.1	AB755596.1	594	594	570	570	95.9596	95.9596	569	1	99.8246
AB755595.1	AB755597.1	594	594	570	585	95.9596	98.4848	546	24	95.7895
AB755595.1	AB755598.1	594	594	570	570	95.9596	95.9596	545	25	95.614
AB755596.1	AB755597.1	594	594	570	585	95.9596	98.4848	547	23	95.9649
AB755596.1	AB755598.1	594	594	570	570	95.9596	95.9596	546	24	95.7895
AB755597.1	AB755598.1	594	594	585	570	98.4848	95.9596	567	3	99.4737
